user_id,arm,converted,payment_error
c000000,control,1,0
c000001,control,1,0
c000002,control,1,0
c000003,control,1,0
c000004,control,1,0
c000005,control,1,0
c000006,control,1,0
c000007,control,0,0
c000008,control,0,0
c000009,control,1,0
c000010,control,0,0
c000011,control,1,0
c000012,control,1,0
c000013,control,1,0
c000014,control,1,0
c000015,control,0,0
c000016,control,0,0
c000017,control,1,0
c000018,control,1,0
c000019,control,1,0
c000020,control,1,0
c000021,control,1,0
c000022,control,1,0
c000023,control,1,0
c000024,control,0,0
c000025,control,1,0
c000026,control,1,0
c000027,control,1,0
c000028,control,0,0
c000029,control,1,0
c000030,control,1,0
c000031,control,1,0
c000032,control,1,0
c000033,control,1,0
c000034,control,0,0
c000035,control,0,0
c000036,control,0,0
c000037,control,1,0
c000038,control,0,0
c000039,control,1,0
c000040,control,1,0
c000041,control,1,0
c000042,control,0,0
c000043,control,1,0
c000044,control,1,0
c000045,control,0,0
c000046,control,0,0
c000047,control,1,0
c000048,control,0,1
c000049,control,1,0
c000050,control,1,0
c000051,control,1,0
c000052,control,1,0
c000053,control,1,0
c000054,control,1,0
c000055,control,1,0
c000056,control,1,0
c000057,control,0,0
c000058,control,1,0
c000059,control,1,0
c000060,control,1,0
c000061,control,1,0
c000062,control,0,0
c000063,control,0,0
c000064,control,1,0
c000065,control,1,0
c000066,control,1,0
c000067,control,1,0
c000068,control,1,0
c000069,control,1,0
c000070,control,1,0
c000071,control,1,0
c000072,control,1,0
c000073,control,1,0
c000074,control,0,0
c000075,control,1,0
c000076,control,1,0
c000077,control,1,0
c000078,control,0,0
c000079,control,1,0
c000080,control,1,0
c000081,control,1,0
c000082,control,0,0
c000083,control,1,0
c000084,control,0,0
c000085,control,1,0
c000086,control,1,0
c000087,control,1,0
c000088,control,1,0
c000089,control,0,0
c000090,control,1,0
c000091,control,0,0
c000092,control,1,0
c000093,control,1,0
c000094,control,0,0
c000095,control,0,0
c000096,control,1,0
c000097,control,0,0
c000098,control,0,0
c000099,control,0,0
c000100,control,1,0
c000101,control,0,0
c000102,control,1,0
c000103,control,1,0
c000104,control,1,0
c000105,control,1,0
c000106,control,1,0
c000107,control,1,0
c000108,control,1,0
c000109,control,1,0
c000110,control,1,0
c000111,control,0,0
c000112,control,1,0
c000113,control,1,0
c000114,control,0,0
c000115,control,0,0
c000116,control,1,0
c000117,control,0,0
c000118,control,1,0
c000119,control,0,0
c000120,control,1,0
c000121,control,1,1
c000122,control,1,0
c000123,control,0,0
c000124,control,1,0
c000125,control,1,0
c000126,control,0,0
c000127,control,1,0
c000128,control,1,0
c000129,control,0,0
c000130,control,1,0
c000131,control,1,0
c000132,control,1,0
c000133,control,1,0
c000134,control,0,0
c000135,control,0,0
c000136,control,0,0
c000137,control,1,0
c000138,control,1,0
c000139,control,1,0
c000140,control,1,0
c000141,control,0,0
c000142,control,1,0
c000143,control,0,0
c000144,control,1,0
c000145,control,0,1
c000146,control,0,0
c000147,control,0,0
c000148,control,0,0
c000149,control,0,0
c000150,control,1,0
c000151,control,1,0
c000152,control,1,0
c000153,control,1,0
c000154,control,1,0
c000155,control,1,0
c000156,control,1,0
c000157,control,1,0
c000158,control,0,0
c000159,control,0,0
c000160,control,0,0
c000161,control,1,0
c000162,control,0,0
c000163,control,0,0
c000164,control,1,0
c000165,control,0,0
c000166,control,1,0
c000167,control,0,0
c000168,control,1,0
c000169,control,1,1
c000170,control,1,0
c000171,control,0,0
c000172,control,1,0
c000173,control,0,0
c000174,control,1,0
c000175,control,1,0
c000176,control,0,0
c000177,control,1,0
c000178,control,0,0
c000179,control,1,0
c000180,control,1,0
c000181,control,1,0
c000182,control,0,0
c000183,control,1,0
c000184,control,0,0
c000185,control,1,0
c000186,control,1,0
c000187,control,0,0
c000188,control,0,0
c000189,control,1,0
c000190,control,1,0
c000191,control,1,0
c000192,control,0,0
c000193,control,1,0
c000194,control,0,0
c000195,control,1,0
c000196,control,0,0
c000197,control,1,0
c000198,control,0,0
c000199,control,0,0
c000200,control,0,0
c000201,control,0,1
c000202,control,1,0
c000203,control,1,0
c000204,control,1,0
c000205,control,0,0
c000206,control,0,0
c000207,control,1,0
c000208,control,1,0
c000209,control,1,0
c000210,control,0,0
c000211,control,0,0
c000212,control,0,0
c000213,control,1,0
c000214,control,0,0
c000215,control,1,0
c000216,control,0,0
c000217,control,1,0
c000218,control,0,0
c000219,control,0,0
c000220,control,1,0
c000221,control,1,0
c000222,control,0,0
c000223,control,1,0
c000224,control,1,0
c000225,control,0,0
c000226,control,1,0
c000227,control,1,0
c000228,control,0,0
c000229,control,1,0
c000230,control,1,0
c000231,control,0,0
c000232,control,0,0
c000233,control,1,0
c000234,control,0,0
c000235,control,0,0
c000236,control,1,0
c000237,control,0,0
c000238,control,0,0
c000239,control,0,0
c000240,control,0,0
c000241,control,1,1
c000242,control,0,0
c000243,control,1,0
c000244,control,1,0
c000245,control,1,0
c000246,control,1,0
c000247,control,1,0
c000248,control,0,0
c000249,control,1,0
c000250,control,0,0
c000251,control,1,0
c000252,control,0,0
c000253,control,0,0
c000254,control,1,0
c000255,control,1,0
c000256,control,1,0
c000257,control,1,0
c000258,control,1,0
c000259,control,0,0
c000260,control,0,0
c000261,control,1,0
c000262,control,0,0
c000263,control,0,0
c000264,control,0,0
c000265,control,1,0
c000266,control,1,0
c000267,control,1,0
c000268,control,0,0
c000269,control,1,0
c000270,control,1,0
c000271,control,0,0
c000272,control,0,0
c000273,control,0,0
c000274,control,0,0
c000275,control,1,0
c000276,control,1,0
c000277,control,1,0
c000278,control,1,0
c000279,control,1,0
c000280,control,1,0
c000281,control,0,0
c000282,control,1,0
c000283,control,1,0
c000284,control,0,0
c000285,control,0,0
c000286,control,0,0
c000287,control,1,0
c000288,control,1,0
c000289,control,1,0
c000290,control,1,0
c000291,control,0,0
c000292,control,1,0
c000293,control,1,0
c000294,control,1,0
c000295,control,1,0
c000296,control,1,0
c000297,control,1,0
c000298,control,1,0
c000299,control,1,0
c000300,control,0,0
c000301,control,1,0
c000302,control,1,0
c000303,control,0,0
c000304,control,0,0
c000305,control,0,0
c000306,control,1,0
c000307,control,1,0
c000308,control,1,0
c000309,control,1,0
c000310,control,1,0
c000311,control,0,0
c000312,control,0,0
c000313,control,1,0
c000314,control,1,0
c000315,control,0,0
c000316,control,0,0
c000317,control,0,0
c000318,control,0,0
c000319,control,1,0
c000320,control,1,0
c000321,control,1,0
c000322,control,1,0
c000323,control,1,0
c000324,control,1,0
c000325,control,1,0
c000326,control,1,0
c000327,control,1,1
c000328,control,1,0
c000329,control,1,0
c000330,control,0,0
c000331,control,1,0
c000332,control,1,0
c000333,control,1,0
c000334,control,1,0
c000335,control,1,0
c000336,control,0,0
c000337,control,0,0
c000338,control,1,0
c000339,control,0,0
c000340,control,1,0
c000341,control,1,0
c000342,control,1,0
c000343,control,0,0
c000344,control,0,0
c000345,control,1,0
c000346,control,1,0
c000347,control,1,0
c000348,control,1,0
c000349,control,1,0
c000350,control,1,1
c000351,control,0,0
c000352,control,1,0
c000353,control,0,0
c000354,control,1,0
c000355,control,1,0
c000356,control,1,0
c000357,control,1,0
c000358,control,1,0
c000359,control,0,0
c000360,control,1,0
c000361,control,1,0
c000362,control,0,1
c000363,control,1,0
c000364,control,0,0
c000365,control,1,0
c000366,control,1,0
c000367,control,1,0
c000368,control,1,0
c000369,control,1,0
c000370,control,0,0
c000371,control,0,0
c000372,control,0,0
c000373,control,0,0
c000374,control,0,0
c000375,control,0,0
c000376,control,1,0
c000377,control,1,0
c000378,control,1,0
c000379,control,0,0
c000380,control,0,0
c000381,control,1,0
c000382,control,0,0
c000383,control,1,0
c000384,control,1,1
c000385,control,1,0
c000386,control,1,0
c000387,control,0,0
c000388,control,0,0
c000389,control,1,0
c000390,control,0,0
c000391,control,1,0
c000392,control,0,0
c000393,control,1,0
c000394,control,1,0
c000395,control,1,0
c000396,control,1,0
c000397,control,1,0
c000398,control,1,0
c000399,control,0,0
c000400,control,0,0
c000401,control,0,0
c000402,control,1,0
c000403,control,1,0
c000404,control,0,0
c000405,control,1,0
c000406,control,1,0
c000407,control,1,0
c000408,control,1,0
c000409,control,1,0
c000410,control,1,0
c000411,control,1,0
c000412,control,0,0
c000413,control,0,0
c000414,control,1,0
c000415,control,0,0
c000416,control,1,0
c000417,control,1,0
c000418,control,1,0
c000419,control,1,0
c000420,control,1,0
c000421,control,0,0
c000422,control,0,0
c000423,control,1,0
c000424,control,0,0
c000425,control,0,0
c000426,control,0,0
c000427,control,0,0
c000428,control,1,0
c000429,control,1,0
c000430,control,0,0
c000431,control,0,0
c000432,control,0,0
c000433,control,0,0
c000434,control,1,0
c000435,control,1,0
c000436,control,1,0
c000437,control,1,0
c000438,control,0,0
c000439,control,1,0
c000440,control,0,0
c000441,control,1,0
c000442,control,1,0
c000443,control,1,0
c000444,control,1,0
c000445,control,0,0
c000446,control,1,0
c000447,control,1,0
c000448,control,1,0
c000449,control,1,0
c000450,control,0,0
c000451,control,0,0
c000452,control,1,0
c000453,control,1,0
c000454,control,1,0
c000455,control,1,0
c000456,control,0,0
c000457,control,0,0
c000458,control,1,0
c000459,control,1,0
c000460,control,0,0
c000461,control,1,0
c000462,control,1,0
c000463,control,1,0
c000464,control,1,0
c000465,control,0,0
c000466,control,0,0
c000467,control,1,0
c000468,control,0,0
c000469,control,1,0
c000470,control,1,1
c000471,control,1,0
c000472,control,0,0
c000473,control,1,0
c000474,control,0,0
c000475,control,0,0
c000476,control,0,0
c000477,control,1,0
c000478,control,0,0
c000479,control,0,0
c000480,control,0,0
c000481,control,0,0
c000482,control,1,0
c000483,control,1,0
c000484,control,0,0
c000485,control,0,0
c000486,control,1,0
c000487,control,0,0
c000488,control,0,0
c000489,control,1,0
c000490,control,1,0
c000491,control,0,0
c000492,control,1,0
c000493,control,1,0
c000494,control,0,0
c000495,control,1,0
c000496,control,1,0
c000497,control,0,0
c000498,control,0,0
c000499,control,1,0
c000500,control,1,1
c000501,control,0,0
c000502,control,1,0
c000503,control,1,0
c000504,control,1,0
c000505,control,1,0
c000506,control,0,0
c000507,control,1,0
c000508,control,1,0
c000509,control,0,0
c000510,control,1,0
c000511,control,1,0
c000512,control,1,0
c000513,control,1,0
c000514,control,1,0
c000515,control,0,1
c000516,control,0,0
c000517,control,1,0
c000518,control,1,0
c000519,control,1,0
c000520,control,1,0
c000521,control,1,1
c000522,control,1,0
c000523,control,0,0
c000524,control,1,0
c000525,control,1,0
c000526,control,0,0
c000527,control,1,0
c000528,control,1,0
c000529,control,1,0
c000530,control,1,0
c000531,control,1,0
c000532,control,1,0
c000533,control,1,0
c000534,control,1,0
c000535,control,0,0
c000536,control,1,0
c000537,control,1,0
c000538,control,0,0
c000539,control,1,0
c000540,control,0,0
c000541,control,1,0
c000542,control,1,0
c000543,control,1,0
c000544,control,1,0
c000545,control,1,0
c000546,control,1,0
c000547,control,1,0
c000548,control,1,0
c000549,control,0,0
c000550,control,1,0
c000551,control,0,0
c000552,control,0,0
c000553,control,1,0
c000554,control,0,0
c000555,control,0,0
c000556,control,1,0
c000557,control,1,0
c000558,control,1,0
c000559,control,1,0
c000560,control,1,0
c000561,control,0,0
c000562,control,0,0
c000563,control,1,0
c000564,control,1,0
c000565,control,0,0
c000566,control,0,0
c000567,control,1,0
c000568,control,1,0
c000569,control,0,0
c000570,control,1,0
c000571,control,0,0
c000572,control,0,0
c000573,control,1,0
c000574,control,1,0
c000575,control,1,0
c000576,control,1,0
c000577,control,0,0
c000578,control,0,0
c000579,control,0,0
c000580,control,1,0
c000581,control,1,0
c000582,control,1,0
c000583,control,1,0
c000584,control,0,0
c000585,control,0,0
c000586,control,1,0
c000587,control,0,0
c000588,control,1,0
c000589,control,0,0
c000590,control,1,0
c000591,control,0,0
c000592,control,0,0
c000593,control,1,0
c000594,control,1,0
c000595,control,1,0
c000596,control,0,0
c000597,control,0,0
c000598,control,1,0
c000599,control,1,0
c000600,control,0,0
c000601,control,1,0
c000602,control,1,0
c000603,control,1,0
c000604,control,1,0
c000605,control,0,0
c000606,control,1,0
c000607,control,0,0
c000608,control,0,0
c000609,control,0,0
c000610,control,1,0
c000611,control,1,0
c000612,control,1,0
c000613,control,0,0
c000614,control,0,0
c000615,control,1,0
c000616,control,0,0
c000617,control,0,0
c000618,control,1,0
c000619,control,0,0
c000620,control,0,0
c000621,control,1,0
c000622,control,1,0
c000623,control,1,0
c000624,control,1,0
c000625,control,0,0
c000626,control,1,0
c000627,control,1,0
c000628,control,1,0
c000629,control,1,0
c000630,control,1,0
c000631,control,0,0
c000632,control,1,0
c000633,control,1,0
c000634,control,1,0
c000635,control,1,0
c000636,control,0,0
c000637,control,1,0
c000638,control,1,0
c000639,control,0,0
c000640,control,1,0
c000641,control,1,0
c000642,control,1,0
c000643,control,0,0
c000644,control,1,0
c000645,control,1,0
c000646,control,1,0
c000647,control,0,0
c000648,control,1,0
c000649,control,0,1
c000650,control,1,0
c000651,control,0,0
c000652,control,0,0
c000653,control,0,0
c000654,control,1,0
c000655,control,0,0
c000656,control,1,0
c000657,control,0,0
c000658,control,0,0
c000659,control,1,0
c000660,control,1,0
c000661,control,1,0
c000662,control,1,0
c000663,control,1,0
c000664,control,0,0
c000665,control,1,0
c000666,control,0,0
c000667,control,0,0
c000668,control,0,0
c000669,control,1,0
c000670,control,1,0
c000671,control,0,0
c000672,control,1,1
c000673,control,1,0
c000674,control,1,0
c000675,control,0,0
c000676,control,0,0
c000677,control,1,0
c000678,control,1,0
c000679,control,0,0
c000680,control,1,0
c000681,control,0,0
c000682,control,1,0
c000683,control,0,0
c000684,control,1,0
c000685,control,1,1
c000686,control,0,0
c000687,control,1,0
c000688,control,1,0
c000689,control,0,0
c000690,control,0,0
c000691,control,0,0
c000692,control,0,0
c000693,control,0,0
c000694,control,0,0
c000695,control,0,0
c000696,control,0,0
c000697,control,0,0
c000698,control,0,1
c000699,control,0,0
c000700,control,1,0
c000701,control,1,0
c000702,control,1,0
c000703,control,1,0
c000704,control,1,0
c000705,control,1,0
c000706,control,1,0
c000707,control,1,0
c000708,control,1,0
c000709,control,1,0
c000710,control,1,0
c000711,control,1,0
c000712,control,1,0
c000713,control,0,0
c000714,control,0,0
c000715,control,1,0
c000716,control,0,0
c000717,control,1,0
c000718,control,1,0
c000719,control,1,0
c000720,control,0,0
c000721,control,1,0
c000722,control,0,0
c000723,control,1,0
c000724,control,1,0
c000725,control,0,0
c000726,control,0,0
c000727,control,1,0
c000728,control,0,0
c000729,control,1,0
c000730,control,1,0
c000731,control,1,0
c000732,control,1,0
c000733,control,0,0
c000734,control,1,0
c000735,control,0,0
c000736,control,1,0
c000737,control,1,0
c000738,control,0,0
c000739,control,1,0
c000740,control,0,0
c000741,control,0,0
c000742,control,1,0
c000743,control,1,0
c000744,control,1,0
c000745,control,1,0
c000746,control,0,0
c000747,control,1,0
c000748,control,1,0
c000749,control,1,0
c000750,control,0,0
c000751,control,1,0
c000752,control,1,0
c000753,control,1,0
c000754,control,1,0
c000755,control,0,0
c000756,control,0,0
c000757,control,0,0
c000758,control,1,0
c000759,control,1,0
c000760,control,1,0
c000761,control,1,0
c000762,control,1,0
c000763,control,1,0
c000764,control,1,0
c000765,control,1,0
c000766,control,0,0
c000767,control,1,0
c000768,control,1,0
c000769,control,0,0
c000770,control,0,0
c000771,control,0,0
c000772,control,0,0
c000773,control,0,0
c000774,control,1,0
c000775,control,1,0
c000776,control,1,0
c000777,control,1,0
c000778,control,1,0
c000779,control,0,0
c000780,control,1,0
c000781,control,1,0
c000782,control,0,0
c000783,control,0,0
c000784,control,1,0
c000785,control,1,0
c000786,control,1,0
c000787,control,0,0
c000788,control,0,0
c000789,control,1,0
c000790,control,1,0
c000791,control,0,0
c000792,control,0,0
c000793,control,1,0
c000794,control,0,0
c000795,control,0,0
c000796,control,1,0
c000797,control,0,0
c000798,control,1,0
c000799,control,1,0
c000800,control,1,0
c000801,control,0,0
c000802,control,1,0
c000803,control,1,0
c000804,control,1,0
c000805,control,1,0
c000806,control,1,0
c000807,control,0,0
c000808,control,1,0
c000809,control,1,1
c000810,control,1,0
c000811,control,1,0
c000812,control,1,0
c000813,control,0,0
c000814,control,1,0
c000815,control,1,0
c000816,control,0,0
c000817,control,1,0
c000818,control,1,0
c000819,control,0,0
c000820,control,0,0
c000821,control,1,0
c000822,control,1,0
c000823,control,1,0
c000824,control,1,0
c000825,control,1,0
c000826,control,1,0
c000827,control,0,0
c000828,control,0,0
c000829,control,1,0
c000830,control,0,0
c000831,control,1,0
c000832,control,0,0
c000833,control,0,0
c000834,control,0,0
c000835,control,1,0
c000836,control,1,0
c000837,control,1,0
c000838,control,0,0
c000839,control,0,0
c000840,control,0,0
c000841,control,1,0
c000842,control,1,0
c000843,control,1,0
c000844,control,1,0
c000845,control,1,0
c000846,control,1,0
c000847,control,0,0
c000848,control,1,0
c000849,control,1,0
c000850,control,1,0
c000851,control,1,0
c000852,control,1,0
c000853,control,0,0
c000854,control,0,0
c000855,control,0,0
c000856,control,1,0
c000857,control,1,0
c000858,control,1,0
c000859,control,1,0
c000860,control,0,0
c000861,control,0,0
c000862,control,0,0
c000863,control,0,0
c000864,control,1,0
c000865,control,0,0
c000866,control,0,0
c000867,control,0,0
c000868,control,1,0
c000869,control,0,0
c000870,control,1,0
c000871,control,1,0
c000872,control,0,0
c000873,control,1,0
c000874,control,1,0
c000875,control,1,0
c000876,control,1,0
c000877,control,0,0
c000878,control,1,0
c000879,control,1,0
c000880,control,0,0
c000881,control,1,0
c000882,control,1,0
c000883,control,1,0
c000884,control,0,0
c000885,control,0,0
c000886,control,1,0
c000887,control,1,0
c000888,control,1,0
c000889,control,1,0
c000890,control,0,0
c000891,control,0,1
c000892,control,1,0
c000893,control,1,0
c000894,control,1,0
c000895,control,1,0
c000896,control,1,0
c000897,control,0,0
c000898,control,0,0
c000899,control,1,0
c000900,control,1,0
c000901,control,0,0
c000902,control,0,0
c000903,control,1,0
c000904,control,1,0
c000905,control,0,0
c000906,control,0,0
c000907,control,1,0
c000908,control,1,0
c000909,control,0,0
c000910,control,1,0
c000911,control,1,0
c000912,control,0,0
c000913,control,1,0
c000914,control,0,0
c000915,control,1,0
c000916,control,0,0
c000917,control,1,0
c000918,control,1,0
c000919,control,0,0
c000920,control,0,0
c000921,control,1,0
c000922,control,0,0
c000923,control,0,0
c000924,control,0,0
c000925,control,1,0
c000926,control,1,0
c000927,control,0,0
c000928,control,0,0
c000929,control,0,0
c000930,control,1,0
c000931,control,1,0
c000932,control,1,0
c000933,control,1,0
c000934,control,1,0
c000935,control,1,0
c000936,control,0,0
c000937,control,1,0
c000938,control,0,0
c000939,control,0,0
c000940,control,0,0
c000941,control,0,0
c000942,control,0,0
c000943,control,1,0
c000944,control,1,0
c000945,control,1,0
c000946,control,1,0
c000947,control,0,0
c000948,control,1,0
c000949,control,0,0
c000950,control,1,0
c000951,control,1,0
c000952,control,0,0
c000953,control,0,0
c000954,control,0,0
c000955,control,0,0
c000956,control,0,0
c000957,control,0,0
c000958,control,0,0
c000959,control,0,0
c000960,control,1,0
c000961,control,0,0
c000962,control,1,0
c000963,control,0,0
c000964,control,0,0
c000965,control,1,0
c000966,control,0,0
c000967,control,1,0
c000968,control,0,0
c000969,control,1,0
c000970,control,1,0
c000971,control,1,0
c000972,control,0,0
c000973,control,1,0
c000974,control,0,0
c000975,control,1,0
c000976,control,0,0
c000977,control,1,0
c000978,control,1,0
c000979,control,0,0
c000980,control,1,0
c000981,control,0,0
c000982,control,1,0
c000983,control,1,0
c000984,control,1,0
c000985,control,1,0
c000986,control,0,0
c000987,control,1,0
c000988,control,0,0
c000989,control,0,0
c000990,control,1,0
c000991,control,1,0
c000992,control,0,0
c000993,control,0,0
c000994,control,0,0
c000995,control,0,0
c000996,control,1,0
c000997,control,1,0
c000998,control,1,0
c000999,control,1,0
c001000,control,1,0
c001001,control,1,0
c001002,control,1,0
c001003,control,0,0
c001004,control,0,0
c001005,control,0,0
c001006,control,0,0
c001007,control,0,0
c001008,control,1,0
c001009,control,1,0
c001010,control,0,0
c001011,control,1,0
c001012,control,1,0
c001013,control,1,0
c001014,control,1,0
c001015,control,1,0
c001016,control,0,0
c001017,control,0,0
c001018,control,0,0
c001019,control,1,0
c001020,control,1,0
c001021,control,1,1
c001022,control,1,0
c001023,control,1,0
c001024,control,1,0
c001025,control,0,0
c001026,control,0,0
c001027,control,0,0
c001028,control,1,0
c001029,control,1,0
c001030,control,0,0
c001031,control,0,0
c001032,control,1,0
c001033,control,0,1
c001034,control,0,0
c001035,control,1,0
c001036,control,0,0
c001037,control,0,0
c001038,control,0,0
c001039,control,1,0
c001040,control,1,0
c001041,control,0,1
c001042,control,1,0
c001043,control,0,0
c001044,control,0,0
c001045,control,1,0
c001046,control,1,1
c001047,control,0,0
c001048,control,1,0
c001049,control,1,0
c001050,control,0,0
c001051,control,1,0
c001052,control,1,0
c001053,control,0,0
c001054,control,0,0
c001055,control,1,0
c001056,control,1,0
c001057,control,1,0
c001058,control,1,0
c001059,control,0,0
c001060,control,1,0
c001061,control,0,0
c001062,control,0,0
c001063,control,0,0
c001064,control,0,0
c001065,control,1,0
c001066,control,1,0
c001067,control,0,0
c001068,control,0,0
c001069,control,1,0
c001070,control,0,0
c001071,control,0,0
c001072,control,1,1
c001073,control,0,0
c001074,control,1,0
c001075,control,0,0
c001076,control,0,0
c001077,control,1,0
c001078,control,1,0
c001079,control,0,0
c001080,control,0,0
c001081,control,1,0
c001082,control,0,0
c001083,control,1,0
c001084,control,1,0
c001085,control,1,0
c001086,control,0,0
c001087,control,1,0
c001088,control,1,0
c001089,control,1,0
c001090,control,0,0
c001091,control,1,0
c001092,control,0,0
c001093,control,0,0
c001094,control,1,0
c001095,control,1,0
c001096,control,0,0
c001097,control,0,0
c001098,control,1,0
c001099,control,1,0
c001100,control,1,0
c001101,control,0,0
c001102,control,1,0
c001103,control,1,0
c001104,control,1,0
c001105,control,1,0
c001106,control,1,0
c001107,control,1,0
c001108,control,1,0
c001109,control,1,0
c001110,control,1,0
c001111,control,1,0
c001112,control,1,0
c001113,control,1,0
c001114,control,1,0
c001115,control,1,0
c001116,control,1,0
c001117,control,1,0
c001118,control,1,0
c001119,control,1,0
c001120,control,0,0
c001121,control,0,0
c001122,control,0,0
c001123,control,1,0
c001124,control,0,0
c001125,control,0,0
c001126,control,1,0
c001127,control,1,0
c001128,control,0,0
c001129,control,0,0
c001130,control,0,0
c001131,control,1,0
c001132,control,1,0
c001133,control,0,0
c001134,control,1,0
c001135,control,1,0
c001136,control,0,0
c001137,control,1,0
c001138,control,0,0
c001139,control,1,0
c001140,control,1,0
c001141,control,1,0
c001142,control,1,0
c001143,control,1,0
c001144,control,1,0
c001145,control,1,0
c001146,control,0,0
c001147,control,1,0
c001148,control,1,0
c001149,control,1,0
c001150,control,0,0
c001151,control,1,0
c001152,control,1,0
c001153,control,1,0
c001154,control,1,0
c001155,control,0,0
c001156,control,1,0
c001157,control,1,0
c001158,control,0,0
c001159,control,1,0
c001160,control,1,0
c001161,control,1,0
c001162,control,0,0
c001163,control,1,1
c001164,control,0,0
c001165,control,1,0
c001166,control,1,0
c001167,control,1,0
c001168,control,0,0
c001169,control,0,0
c001170,control,0,0
c001171,control,1,0
c001172,control,1,0
c001173,control,0,0
c001174,control,1,1
c001175,control,0,0
c001176,control,0,0
c001177,control,1,0
c001178,control,0,0
c001179,control,1,0
c001180,control,1,0
c001181,control,1,0
c001182,control,0,0
c001183,control,0,0
c001184,control,1,0
c001185,control,1,0
c001186,control,0,0
c001187,control,1,0
c001188,control,0,0
c001189,control,1,0
c001190,control,1,0
c001191,control,0,0
c001192,control,1,0
c001193,control,1,0
c001194,control,0,0
c001195,control,0,0
c001196,control,0,0
c001197,control,0,0
c001198,control,0,0
c001199,control,1,0
c001200,control,0,0
c001201,control,1,0
c001202,control,1,0
c001203,control,0,0
c001204,control,0,0
c001205,control,1,0
c001206,control,0,0
c001207,control,1,0
c001208,control,1,0
c001209,control,1,0
c001210,control,0,0
c001211,control,1,0
c001212,control,0,0
c001213,control,1,0
c001214,control,1,0
c001215,control,1,0
c001216,control,0,0
c001217,control,1,0
c001218,control,1,0
c001219,control,0,0
c001220,control,1,0
c001221,control,1,0
c001222,control,1,0
c001223,control,1,0
c001224,control,1,0
c001225,control,0,0
c001226,control,1,0
c001227,control,0,0
c001228,control,1,0
c001229,control,0,1
c001230,control,1,0
c001231,control,1,0
c001232,control,0,1
c001233,control,1,0
c001234,control,0,0
c001235,control,1,0
c001236,control,1,0
c001237,control,1,0
c001238,control,1,0
c001239,control,1,0
c001240,control,0,0
c001241,control,1,0
c001242,control,1,0
c001243,control,1,0
c001244,control,1,0
c001245,control,0,0
c001246,control,1,0
c001247,control,0,1
c001248,control,1,0
c001249,control,1,0
c001250,control,1,0
c001251,control,1,0
c001252,control,0,0
c001253,control,1,0
c001254,control,1,0
c001255,control,1,0
c001256,control,1,0
c001257,control,1,0
c001258,control,1,0
c001259,control,0,0
c001260,control,1,0
c001261,control,0,0
c001262,control,1,0
c001263,control,1,0
c001264,control,1,0
c001265,control,1,0
c001266,control,0,0
c001267,control,0,0
c001268,control,1,0
c001269,control,0,0
c001270,control,1,0
c001271,control,0,0
c001272,control,1,0
c001273,control,0,0
c001274,control,1,0
c001275,control,1,0
c001276,control,1,0
c001277,control,1,0
c001278,control,1,0
c001279,control,1,0
c001280,control,1,0
c001281,control,1,0
c001282,control,0,0
c001283,control,1,0
c001284,control,1,0
c001285,control,1,0
c001286,control,0,1
c001287,control,1,1
c001288,control,1,0
c001289,control,1,0
c001290,control,1,0
c001291,control,1,0
c001292,control,1,0
c001293,control,0,0
c001294,control,1,0
c001295,control,1,0
c001296,control,1,0
c001297,control,1,0
c001298,control,0,0
c001299,control,1,0
c001300,control,1,0
c001301,control,1,0
c001302,control,1,0
c001303,control,1,0
c001304,control,0,0
c001305,control,1,0
c001306,control,0,0
c001307,control,1,0
c001308,control,0,0
c001309,control,1,0
c001310,control,0,0
c001311,control,0,0
c001312,control,1,0
c001313,control,0,0
c001314,control,1,0
c001315,control,1,0
c001316,control,1,0
c001317,control,1,0
c001318,control,0,0
c001319,control,1,0
c001320,control,1,0
c001321,control,1,0
c001322,control,0,0
c001323,control,1,0
c001324,control,1,0
c001325,control,1,0
c001326,control,1,0
c001327,control,1,0
c001328,control,0,0
c001329,control,1,0
c001330,control,0,0
c001331,control,1,0
c001332,control,0,0
c001333,control,1,0
c001334,control,0,0
c001335,control,1,0
c001336,control,0,0
c001337,control,0,0
c001338,control,1,1
c001339,control,1,0
c001340,control,1,0
c001341,control,1,1
c001342,control,1,0
c001343,control,0,0
c001344,control,0,0
c001345,control,0,0
c001346,control,1,0
c001347,control,0,0
c001348,control,0,0
c001349,control,1,0
c001350,control,1,0
c001351,control,1,0
c001352,control,0,0
c001353,control,1,0
c001354,control,0,0
c001355,control,1,0
c001356,control,1,0
c001357,control,0,0
c001358,control,1,0
c001359,control,0,0
c001360,control,1,1
c001361,control,0,0
c001362,control,1,0
c001363,control,0,0
c001364,control,1,0
c001365,control,1,0
c001366,control,1,0
c001367,control,0,0
c001368,control,1,0
c001369,control,0,0
c001370,control,1,0
c001371,control,0,0
c001372,control,1,0
c001373,control,1,0
c001374,control,0,0
c001375,control,1,0
c001376,control,1,0
c001377,control,0,0
c001378,control,1,0
c001379,control,1,0
c001380,control,1,0
c001381,control,0,0
c001382,control,0,0
c001383,control,0,0
c001384,control,1,0
c001385,control,1,0
c001386,control,1,0
c001387,control,1,0
c001388,control,1,0
c001389,control,1,0
c001390,control,0,0
c001391,control,0,0
c001392,control,0,0
c001393,control,1,0
c001394,control,0,0
c001395,control,1,0
c001396,control,1,0
c001397,control,1,0
c001398,control,0,0
c001399,control,1,0
c001400,control,0,0
c001401,control,0,0
c001402,control,1,0
c001403,control,0,0
c001404,control,1,0
c001405,control,1,0
c001406,control,1,0
c001407,control,1,0
c001408,control,0,0
c001409,control,1,0
c001410,control,1,0
c001411,control,0,0
c001412,control,1,0
c001413,control,0,0
c001414,control,0,0
c001415,control,1,0
c001416,control,1,0
c001417,control,1,0
c001418,control,1,0
c001419,control,0,0
c001420,control,1,0
c001421,control,1,0
c001422,control,0,0
c001423,control,1,0
c001424,control,1,0
c001425,control,1,0
c001426,control,1,0
c001427,control,1,0
c001428,control,1,0
c001429,control,0,0
c001430,control,0,0
c001431,control,1,0
c001432,control,1,0
c001433,control,1,0
c001434,control,1,0
c001435,control,1,0
c001436,control,1,0
c001437,control,0,0
c001438,control,1,0
c001439,control,1,0
c001440,control,1,0
c001441,control,0,0
c001442,control,1,0
c001443,control,0,0
c001444,control,1,0
c001445,control,0,0
c001446,control,1,0
c001447,control,1,0
c001448,control,1,0
c001449,control,0,0
c001450,control,1,0
c001451,control,0,0
c001452,control,1,0
c001453,control,0,0
c001454,control,0,0
c001455,control,1,0
c001456,control,0,0
c001457,control,1,0
c001458,control,0,0
c001459,control,1,0
c001460,control,0,1
c001461,control,1,0
c001462,control,1,0
c001463,control,1,0
c001464,control,0,0
c001465,control,0,0
c001466,control,1,0
c001467,control,1,0
c001468,control,0,0
c001469,control,1,0
c001470,control,0,0
c001471,control,0,0
c001472,control,0,1
c001473,control,0,0
c001474,control,1,0
c001475,control,0,0
c001476,control,1,0
c001477,control,1,0
c001478,control,0,0
c001479,control,1,0
c001480,control,1,0
c001481,control,1,0
c001482,control,0,0
c001483,control,0,0
c001484,control,0,0
c001485,control,1,0
c001486,control,0,0
c001487,control,0,1
c001488,control,0,0
c001489,control,0,0
c001490,control,1,0
c001491,control,0,0
c001492,control,1,0
c001493,control,1,0
c001494,control,1,0
c001495,control,1,0
c001496,control,1,0
c001497,control,1,0
c001498,control,1,0
c001499,control,0,0
c001500,control,1,0
c001501,control,1,0
c001502,control,0,0
c001503,control,0,0
c001504,control,0,0
c001505,control,0,0
c001506,control,1,0
c001507,control,0,0
c001508,control,0,0
c001509,control,1,0
c001510,control,1,0
c001511,control,0,0
c001512,control,1,0
c001513,control,0,0
c001514,control,0,0
c001515,control,1,0
c001516,control,0,0
c001517,control,1,0
c001518,control,1,0
c001519,control,1,0
c001520,control,1,0
c001521,control,0,0
c001522,control,1,0
c001523,control,1,0
c001524,control,1,0
c001525,control,1,0
c001526,control,1,0
c001527,control,1,0
c001528,control,0,0
c001529,control,1,0
c001530,control,0,0
c001531,control,1,0
c001532,control,0,0
c001533,control,0,0
c001534,control,1,0
c001535,control,1,0
c001536,control,1,0
c001537,control,1,0
c001538,control,1,0
c001539,control,1,0
c001540,control,1,0
c001541,control,1,0
c001542,control,1,1
c001543,control,1,0
c001544,control,0,0
c001545,control,0,0
c001546,control,1,0
c001547,control,0,0
c001548,control,1,0
c001549,control,1,0
c001550,control,1,0
c001551,control,0,0
c001552,control,1,0
c001553,control,1,0
c001554,control,0,0
c001555,control,1,0
c001556,control,0,0
c001557,control,1,0
c001558,control,0,0
c001559,control,0,1
c001560,control,1,0
c001561,control,0,0
c001562,control,0,0
c001563,control,1,0
c001564,control,1,0
c001565,control,1,0
c001566,control,1,0
c001567,control,0,0
c001568,control,0,0
c001569,control,1,0
c001570,control,1,0
c001571,control,1,0
c001572,control,1,0
c001573,control,1,0
c001574,control,1,0
c001575,control,0,0
c001576,control,1,0
c001577,control,0,0
c001578,control,1,0
c001579,control,0,0
c001580,control,1,0
c001581,control,0,0
c001582,control,1,0
c001583,control,0,0
c001584,control,0,0
c001585,control,0,0
c001586,control,1,0
c001587,control,0,0
c001588,control,1,0
c001589,control,1,0
c001590,control,1,0
c001591,control,1,0
c001592,control,1,0
c001593,control,1,0
c001594,control,0,0
c001595,control,0,0
c001596,control,0,0
c001597,control,1,0
c001598,control,1,0
c001599,control,1,0
c001600,control,0,0
c001601,control,1,0
c001602,control,1,0
c001603,control,1,0
c001604,control,1,0
c001605,control,0,0
c001606,control,1,0
c001607,control,1,0
c001608,control,1,0
c001609,control,0,0
c001610,control,0,0
c001611,control,1,0
c001612,control,1,0
c001613,control,0,1
c001614,control,1,0
c001615,control,1,0
c001616,control,0,0
c001617,control,1,0
c001618,control,1,0
c001619,control,1,0
c001620,control,1,1
c001621,control,0,0
c001622,control,1,0
c001623,control,1,0
c001624,control,1,0
c001625,control,1,0
c001626,control,1,0
c001627,control,1,0
c001628,control,1,0
c001629,control,0,0
c001630,control,1,0
c001631,control,1,0
c001632,control,0,0
c001633,control,1,0
c001634,control,0,0
c001635,control,0,0
c001636,control,0,0
c001637,control,1,0
c001638,control,1,0
c001639,control,0,0
c001640,control,0,0
c001641,control,0,0
c001642,control,0,0
c001643,control,1,0
c001644,control,1,0
c001645,control,0,0
c001646,control,1,0
c001647,control,1,1
c001648,control,1,0
c001649,control,0,0
c001650,control,0,0
c001651,control,0,0
c001652,control,1,0
c001653,control,1,0
c001654,control,0,0
c001655,control,1,0
c001656,control,1,0
c001657,control,1,0
c001658,control,0,0
c001659,control,1,0
c001660,control,1,0
c001661,control,0,0
c001662,control,0,0
c001663,control,1,1
c001664,control,1,0
c001665,control,1,0
c001666,control,1,0
c001667,control,0,0
c001668,control,1,0
c001669,control,1,0
c001670,control,1,0
c001671,control,0,0
c001672,control,1,0
c001673,control,0,0
c001674,control,0,0
c001675,control,0,0
c001676,control,1,0
c001677,control,1,0
c001678,control,1,0
c001679,control,1,0
c001680,control,1,0
c001681,control,0,0
c001682,control,1,0
c001683,control,1,1
c001684,control,0,0
c001685,control,0,0
c001686,control,1,0
c001687,control,1,0
c001688,control,0,0
c001689,control,0,0
c001690,control,1,0
c001691,control,1,0
c001692,control,1,0
c001693,control,1,0
c001694,control,1,0
c001695,control,1,0
c001696,control,1,0
c001697,control,0,0
c001698,control,1,0
c001699,control,0,0
c001700,control,1,0
c001701,control,1,0
c001702,control,1,0
c001703,control,1,0
c001704,control,0,0
c001705,control,1,0
c001706,control,0,0
c001707,control,0,0
c001708,control,1,0
c001709,control,1,0
c001710,control,0,0
c001711,control,0,0
c001712,control,1,0
c001713,control,1,0
c001714,control,0,0
c001715,control,1,0
c001716,control,1,0
c001717,control,1,0
c001718,control,1,0
c001719,control,0,0
c001720,control,0,0
c001721,control,1,1
c001722,control,1,0
c001723,control,0,0
c001724,control,1,0
c001725,control,0,0
c001726,control,1,0
c001727,control,1,0
c001728,control,1,0
c001729,control,1,0
c001730,control,0,0
c001731,control,1,0
c001732,control,0,0
c001733,control,1,0
c001734,control,1,0
c001735,control,0,0
c001736,control,1,0
c001737,control,1,0
c001738,control,1,0
c001739,control,0,0
c001740,control,1,0
c001741,control,1,0
c001742,control,1,0
c001743,control,0,0
c001744,control,1,0
c001745,control,0,0
c001746,control,1,0
c001747,control,0,0
c001748,control,0,0
c001749,control,0,0
c001750,control,1,0
c001751,control,0,0
c001752,control,1,0
c001753,control,0,0
c001754,control,1,0
c001755,control,0,0
c001756,control,0,0
c001757,control,0,0
c001758,control,1,0
c001759,control,1,0
c001760,control,1,0
c001761,control,1,0
c001762,control,1,0
c001763,control,0,0
c001764,control,1,0
c001765,control,0,0
c001766,control,1,0
c001767,control,0,0
c001768,control,1,0
c001769,control,0,0
c001770,control,1,0
c001771,control,1,0
c001772,control,1,0
c001773,control,1,0
c001774,control,0,0
c001775,control,1,0
c001776,control,1,0
c001777,control,1,0
c001778,control,1,0
c001779,control,1,0
c001780,control,1,0
c001781,control,1,0
c001782,control,1,0
c001783,control,1,0
c001784,control,1,1
c001785,control,0,0
c001786,control,1,0
c001787,control,0,0
c001788,control,1,0
c001789,control,0,0
c001790,control,0,0
c001791,control,1,0
c001792,control,1,0
c001793,control,0,0
c001794,control,1,0
c001795,control,0,0
c001796,control,1,0
c001797,control,1,0
c001798,control,1,0
c001799,control,1,0
c001800,control,1,0
c001801,control,1,0
c001802,control,1,0
c001803,control,0,0
c001804,control,1,0
c001805,control,1,0
c001806,control,1,0
c001807,control,0,0
c001808,control,0,0
c001809,control,0,0
c001810,control,0,1
c001811,control,1,0
c001812,control,0,0
c001813,control,0,0
c001814,control,1,0
c001815,control,1,0
c001816,control,1,0
c001817,control,0,0
c001818,control,1,0
c001819,control,1,0
c001820,control,0,0
c001821,control,0,0
c001822,control,0,0
c001823,control,0,0
c001824,control,0,0
c001825,control,0,0
c001826,control,1,0
c001827,control,0,0
c001828,control,0,0
c001829,control,1,0
c001830,control,0,0
c001831,control,1,0
c001832,control,0,0
c001833,control,1,0
c001834,control,0,0
c001835,control,0,0
c001836,control,1,0
c001837,control,1,0
c001838,control,1,0
c001839,control,1,0
c001840,control,1,0
c001841,control,0,0
c001842,control,0,0
c001843,control,1,0
c001844,control,0,0
c001845,control,1,0
c001846,control,1,0
c001847,control,1,0
c001848,control,1,0
c001849,control,0,0
c001850,control,0,0
c001851,control,1,0
c001852,control,0,0
c001853,control,0,0
c001854,control,1,0
c001855,control,1,0
c001856,control,1,0
c001857,control,1,0
c001858,control,0,0
c001859,control,1,0
c001860,control,0,0
c001861,control,0,0
c001862,control,1,0
c001863,control,1,0
c001864,control,0,0
c001865,control,0,0
c001866,control,0,0
c001867,control,1,0
c001868,control,1,0
c001869,control,0,0
c001870,control,1,0
c001871,control,1,0
c001872,control,1,0
c001873,control,1,0
c001874,control,1,0
c001875,control,1,0
c001876,control,0,0
c001877,control,1,0
c001878,control,0,0
c001879,control,1,0
c001880,control,1,0
c001881,control,1,0
c001882,control,0,0
c001883,control,1,0
c001884,control,1,0
c001885,control,0,0
c001886,control,1,0
c001887,control,1,0
c001888,control,0,0
c001889,control,1,0
c001890,control,0,0
c001891,control,1,0
c001892,control,0,0
c001893,control,1,0
c001894,control,0,0
c001895,control,1,0
c001896,control,1,0
c001897,control,1,1
c001898,control,0,0
c001899,control,1,0
c001900,control,0,0
c001901,control,1,0
c001902,control,1,0
c001903,control,1,0
c001904,control,1,0
c001905,control,1,0
c001906,control,1,0
c001907,control,0,0
c001908,control,0,0
c001909,control,1,0
c001910,control,1,0
c001911,control,1,0
c001912,control,0,0
c001913,control,1,0
c001914,control,0,0
c001915,control,0,0
c001916,control,1,0
c001917,control,0,1
c001918,control,1,0
c001919,control,1,0
c001920,control,1,0
c001921,control,1,0
c001922,control,1,0
c001923,control,0,0
c001924,control,0,0
c001925,control,1,0
c001926,control,1,0
c001927,control,0,0
c001928,control,1,0
c001929,control,0,0
c001930,control,1,0
c001931,control,0,0
c001932,control,1,0
c001933,control,0,0
c001934,control,1,0
c001935,control,1,0
c001936,control,0,0
c001937,control,1,0
c001938,control,0,0
c001939,control,0,0
c001940,control,0,0
c001941,control,1,0
c001942,control,1,0
c001943,control,0,0
c001944,control,0,0
c001945,control,1,0
c001946,control,0,0
c001947,control,1,0
c001948,control,1,0
c001949,control,0,0
c001950,control,1,0
c001951,control,0,0
c001952,control,0,0
c001953,control,1,0
c001954,control,0,0
c001955,control,1,0
c001956,control,1,0
c001957,control,1,0
c001958,control,1,0
c001959,control,1,0
c001960,control,1,0
c001961,control,0,0
c001962,control,1,0
c001963,control,1,0
c001964,control,0,0
c001965,control,1,0
c001966,control,0,0
c001967,control,1,0
c001968,control,0,0
c001969,control,0,0
c001970,control,0,0
c001971,control,0,0
c001972,control,1,0
c001973,control,1,0
c001974,control,0,0
c001975,control,1,0
c001976,control,1,0
c001977,control,1,0
c001978,control,0,0
c001979,control,0,0
c001980,control,0,0
c001981,control,1,0
c001982,control,0,0
c001983,control,1,0
c001984,control,0,0
c001985,control,0,0
c001986,control,1,0
c001987,control,1,0
c001988,control,0,0
c001989,control,0,1
c001990,control,1,0
c001991,control,1,0
c001992,control,0,0
c001993,control,1,0
c001994,control,1,1
c001995,control,1,0
c001996,control,1,0
c001997,control,1,0
c001998,control,1,0
c001999,control,1,0
c002000,control,1,0
c002001,control,1,0
c002002,control,1,0
c002003,control,0,0
c002004,control,0,1
c002005,control,0,0
c002006,control,1,0
c002007,control,1,0
c002008,control,0,0
c002009,control,0,0
c002010,control,0,0
c002011,control,1,0
c002012,control,0,0
c002013,control,1,0
c002014,control,0,0
c002015,control,0,0
c002016,control,0,0
c002017,control,0,0
c002018,control,0,0
c002019,control,1,1
c002020,control,1,0
c002021,control,1,0
c002022,control,0,0
c002023,control,0,0
c002024,control,1,0
c002025,control,0,0
c002026,control,0,0
c002027,control,0,0
c002028,control,1,0
c002029,control,0,0
c002030,control,1,0
c002031,control,1,0
c002032,control,1,0
c002033,control,1,0
c002034,control,1,0
c002035,control,1,0
c002036,control,1,0
c002037,control,0,0
c002038,control,1,0
c002039,control,0,0
c002040,control,1,0
c002041,control,1,0
c002042,control,1,0
c002043,control,1,0
c002044,control,1,0
c002045,control,1,0
c002046,control,1,0
c002047,control,0,0
c002048,control,1,0
c002049,control,1,0
c002050,control,1,0
c002051,control,1,0
c002052,control,1,0
c002053,control,0,0
c002054,control,0,0
c002055,control,1,0
c002056,control,1,0
c002057,control,0,0
c002058,control,1,0
c002059,control,0,0
c002060,control,1,0
c002061,control,1,0
c002062,control,0,0
c002063,control,1,0
c002064,control,1,0
c002065,control,1,0
c002066,control,0,0
c002067,control,1,0
c002068,control,0,0
c002069,control,1,0
c002070,control,0,0
c002071,control,0,0
c002072,control,0,0
c002073,control,1,0
c002074,control,1,0
c002075,control,1,0
c002076,control,0,0
c002077,control,1,0
c002078,control,0,0
c002079,control,1,0
c002080,control,0,0
c002081,control,1,0
c002082,control,1,0
c002083,control,0,0
c002084,control,1,0
c002085,control,1,0
c002086,control,0,0
c002087,control,0,0
c002088,control,1,0
c002089,control,0,0
c002090,control,1,0
c002091,control,1,0
c002092,control,1,0
c002093,control,1,0
c002094,control,1,0
c002095,control,1,0
c002096,control,1,0
c002097,control,0,0
c002098,control,0,0
c002099,control,0,0
c002100,control,0,0
c002101,control,0,0
c002102,control,1,1
c002103,control,1,0
c002104,control,1,0
c002105,control,1,0
c002106,control,1,0
c002107,control,1,0
c002108,control,0,0
c002109,control,0,0
c002110,control,1,0
c002111,control,1,0
c002112,control,1,0
c002113,control,0,0
c002114,control,0,0
c002115,control,1,0
c002116,control,1,0
c002117,control,1,0
c002118,control,0,0
c002119,control,1,0
c002120,control,1,0
c002121,control,1,0
c002122,control,0,0
c002123,control,1,0
c002124,control,1,0
c002125,control,1,1
c002126,control,0,0
c002127,control,1,0
c002128,control,0,0
c002129,control,1,0
c002130,control,1,0
c002131,control,1,0
c002132,control,1,0
c002133,control,1,0
c002134,control,1,0
c002135,control,0,0
c002136,control,1,0
c002137,control,0,0
c002138,control,0,0
c002139,control,1,0
c002140,control,1,0
c002141,control,1,0
c002142,control,0,0
c002143,control,1,0
c002144,control,0,0
c002145,control,0,0
c002146,control,1,0
c002147,control,1,0
c002148,control,0,0
c002149,control,0,0
c002150,control,1,0
c002151,control,0,0
c002152,control,1,0
c002153,control,1,0
c002154,control,0,0
c002155,control,1,0
c002156,control,1,0
c002157,control,0,0
c002158,control,0,0
c002159,control,1,0
c002160,control,1,0
c002161,control,0,0
c002162,control,1,0
c002163,control,1,0
c002164,control,1,1
c002165,control,0,0
c002166,control,1,0
c002167,control,0,0
c002168,control,1,1
c002169,control,0,0
c002170,control,0,0
c002171,control,0,0
c002172,control,1,0
c002173,control,1,0
c002174,control,1,0
c002175,control,0,0
c002176,control,1,0
c002177,control,1,0
c002178,control,1,0
c002179,control,1,0
c002180,control,1,0
c002181,control,1,0
c002182,control,1,0
c002183,control,1,0
c002184,control,1,0
c002185,control,1,0
c002186,control,1,0
c002187,control,0,0
c002188,control,1,0
c002189,control,0,0
c002190,control,1,0
c002191,control,1,0
c002192,control,0,0
c002193,control,1,0
c002194,control,1,0
c002195,control,1,0
c002196,control,1,0
c002197,control,1,0
c002198,control,0,0
c002199,control,0,0
c002200,control,1,0
c002201,control,0,0
c002202,control,0,0
c002203,control,1,0
c002204,control,1,0
c002205,control,1,0
c002206,control,0,0
c002207,control,1,0
c002208,control,0,0
c002209,control,0,0
c002210,control,1,0
c002211,control,1,0
c002212,control,0,0
c002213,control,1,0
c002214,control,1,0
c002215,control,1,0
c002216,control,1,0
c002217,control,1,0
c002218,control,1,0
c002219,control,1,0
c002220,control,1,0
c002221,control,1,0
c002222,control,1,0
c002223,control,1,0
c002224,control,0,0
c002225,control,1,0
c002226,control,0,0
c002227,control,0,0
c002228,control,0,0
c002229,control,1,0
c002230,control,1,0
c002231,control,0,0
c002232,control,0,0
c002233,control,1,0
c002234,control,1,0
c002235,control,1,0
c002236,control,1,0
c002237,control,1,0
c002238,control,1,0
c002239,control,1,0
c002240,control,1,0
c002241,control,0,0
c002242,control,0,0
c002243,control,1,0
c002244,control,1,0
c002245,control,0,0
c002246,control,1,0
c002247,control,0,0
c002248,control,0,0
c002249,control,0,0
c002250,control,1,0
c002251,control,1,0
c002252,control,0,0
c002253,control,1,0
c002254,control,0,0
c002255,control,1,0
c002256,control,1,0
c002257,control,1,0
c002258,control,0,0
c002259,control,1,0
c002260,control,0,0
c002261,control,1,0
c002262,control,1,0
c002263,control,1,0
c002264,control,1,0
c002265,control,1,1
c002266,control,1,0
c002267,control,0,0
c002268,control,0,0
c002269,control,0,0
c002270,control,0,0
c002271,control,0,0
c002272,control,1,0
c002273,control,1,0
c002274,control,1,0
c002275,control,1,0
c002276,control,0,0
c002277,control,0,0
c002278,control,0,0
c002279,control,0,0
c002280,control,0,0
c002281,control,0,0
c002282,control,0,0
c002283,control,1,0
c002284,control,1,0
c002285,control,1,0
c002286,control,1,0
c002287,control,1,0
c002288,control,0,0
c002289,control,1,0
c002290,control,0,0
c002291,control,0,0
c002292,control,1,0
c002293,control,1,0
c002294,control,1,0
c002295,control,1,0
c002296,control,1,0
c002297,control,1,0
c002298,control,1,0
c002299,control,1,0
c002300,control,0,0
c002301,control,1,0
c002302,control,0,0
c002303,control,1,0
c002304,control,0,0
c002305,control,0,0
c002306,control,0,0
c002307,control,1,0
c002308,control,1,0
c002309,control,1,0
c002310,control,1,0
c002311,control,0,0
c002312,control,1,0
c002313,control,1,0
c002314,control,0,0
c002315,control,0,0
c002316,control,0,0
c002317,control,0,0
c002318,control,1,0
c002319,control,1,0
c002320,control,1,0
c002321,control,1,0
c002322,control,1,0
c002323,control,0,0
c002324,control,0,0
c002325,control,0,0
c002326,control,1,0
c002327,control,0,0
c002328,control,0,0
c002329,control,1,0
c002330,control,0,0
c002331,control,1,0
c002332,control,0,0
c002333,control,1,1
c002334,control,1,0
c002335,control,0,0
c002336,control,1,0
c002337,control,0,0
c002338,control,0,0
c002339,control,1,0
c002340,control,0,0
c002341,control,1,0
c002342,control,1,0
c002343,control,1,0
c002344,control,1,0
c002345,control,0,0
c002346,control,0,0
c002347,control,0,0
c002348,control,0,0
c002349,control,0,0
c002350,control,1,0
c002351,control,1,0
c002352,control,1,0
c002353,control,0,0
c002354,control,1,0
c002355,control,0,0
c002356,control,1,0
c002357,control,0,0
c002358,control,1,0
c002359,control,1,0
c002360,control,0,0
c002361,control,0,0
c002362,control,1,0
c002363,control,1,0
c002364,control,0,0
c002365,control,1,0
c002366,control,1,0
c002367,control,1,0
c002368,control,1,0
c002369,control,0,0
c002370,control,0,0
c002371,control,0,0
c002372,control,0,0
c002373,control,1,0
c002374,control,1,0
c002375,control,0,0
c002376,control,1,0
c002377,control,1,0
c002378,control,1,0
c002379,control,1,0
c002380,control,1,0
c002381,control,1,0
c002382,control,0,0
c002383,control,0,0
c002384,control,1,0
c002385,control,1,0
c002386,control,1,0
c002387,control,1,0
c002388,control,0,0
c002389,control,1,0
c002390,control,1,0
c002391,control,1,0
c002392,control,1,0
c002393,control,1,0
c002394,control,0,0
c002395,control,1,0
c002396,control,1,0
c002397,control,1,0
c002398,control,0,0
c002399,control,1,0
c002400,control,0,0
c002401,control,1,0
c002402,control,0,0
c002403,control,1,0
c002404,control,1,0
c002405,control,0,0
c002406,control,0,0
c002407,control,1,0
c002408,control,1,0
c002409,control,1,0
c002410,control,1,0
c002411,control,0,0
c002412,control,0,0
c002413,control,1,0
c002414,control,1,0
c002415,control,1,0
c002416,control,0,0
c002417,control,0,0
c002418,control,0,0
c002419,control,0,0
c002420,control,0,0
c002421,control,1,0
c002422,control,1,0
c002423,control,0,0
c002424,control,1,0
c002425,control,0,0
c002426,control,0,0
c002427,control,0,0
c002428,control,1,0
c002429,control,0,0
c002430,control,1,0
c002431,control,0,0
c002432,control,1,0
c002433,control,1,0
c002434,control,0,0
c002435,control,0,0
c002436,control,1,0
c002437,control,1,0
c002438,control,1,0
c002439,control,1,0
c002440,control,1,0
c002441,control,1,0
c002442,control,1,0
c002443,control,0,0
c002444,control,1,0
c002445,control,0,0
c002446,control,1,0
c002447,control,0,0
c002448,control,1,0
c002449,control,1,0
c002450,control,1,0
c002451,control,0,0
c002452,control,1,0
c002453,control,0,0
c002454,control,1,0
c002455,control,1,0
c002456,control,1,0
c002457,control,0,0
c002458,control,0,0
c002459,control,1,0
c002460,control,1,0
c002461,control,1,0
c002462,control,1,0
c002463,control,1,0
c002464,control,0,0
c002465,control,0,0
c002466,control,1,0
c002467,control,0,0
c002468,control,0,0
c002469,control,1,0
c002470,control,1,0
c002471,control,1,0
c002472,control,1,0
c002473,control,1,1
c002474,control,1,0
c002475,control,1,0
c002476,control,0,0
c002477,control,1,0
c002478,control,1,0
c002479,control,0,0
c002480,control,0,0
c002481,control,1,0
c002482,control,0,0
c002483,control,0,0
c002484,control,0,0
c002485,control,0,0
c002486,control,1,0
c002487,control,0,0
c002488,control,0,0
c002489,control,1,0
c002490,control,0,0
c002491,control,1,0
c002492,control,1,0
c002493,control,1,0
c002494,control,1,0
c002495,control,1,0
c002496,control,1,0
c002497,control,1,0
c002498,control,0,0
c002499,control,0,0
c002500,control,1,0
c002501,control,1,0
c002502,control,1,0
c002503,control,0,0
c002504,control,1,0
c002505,control,1,0
c002506,control,0,0
c002507,control,1,0
c002508,control,1,0
c002509,control,1,0
c002510,control,1,0
c002511,control,0,0
c002512,control,0,0
c002513,control,0,0
c002514,control,1,0
c002515,control,0,0
c002516,control,1,0
c002517,control,0,0
c002518,control,0,0
c002519,control,1,0
c002520,control,1,0
c002521,control,0,0
c002522,control,1,0
c002523,control,0,0
c002524,control,1,0
c002525,control,1,0
c002526,control,1,0
c002527,control,1,0
c002528,control,1,0
c002529,control,1,0
c002530,control,0,0
c002531,control,0,0
c002532,control,1,0
c002533,control,1,0
c002534,control,1,0
c002535,control,0,0
c002536,control,1,0
c002537,control,0,0
c002538,control,1,0
c002539,control,1,0
c002540,control,1,0
c002541,control,1,0
c002542,control,1,0
c002543,control,1,0
c002544,control,0,0
c002545,control,1,0
c002546,control,1,0
c002547,control,0,0
c002548,control,0,0
c002549,control,0,0
c002550,control,1,0
c002551,control,1,0
c002552,control,0,0
c002553,control,1,0
c002554,control,0,0
c002555,control,1,0
c002556,control,1,0
c002557,control,1,0
c002558,control,1,0
c002559,control,0,0
c002560,control,1,0
c002561,control,0,0
c002562,control,0,0
c002563,control,1,0
c002564,control,0,0
c002565,control,1,0
c002566,control,0,0
c002567,control,0,0
c002568,control,1,0
c002569,control,1,1
c002570,control,0,0
c002571,control,0,0
c002572,control,1,0
c002573,control,0,0
c002574,control,1,0
c002575,control,1,0
c002576,control,1,0
c002577,control,0,0
c002578,control,1,0
c002579,control,1,0
c002580,control,1,0
c002581,control,0,0
c002582,control,1,0
c002583,control,1,0
c002584,control,1,0
c002585,control,1,0
c002586,control,1,0
c002587,control,1,0
c002588,control,1,0
c002589,control,1,0
c002590,control,1,0
c002591,control,1,0
c002592,control,1,0
c002593,control,1,0
c002594,control,1,0
c002595,control,1,0
c002596,control,1,0
c002597,control,1,0
c002598,control,1,0
c002599,control,1,0
c002600,control,1,0
c002601,control,1,0
c002602,control,1,0
c002603,control,1,1
c002604,control,1,0
c002605,control,0,0
c002606,control,1,0
c002607,control,1,0
c002608,control,1,0
c002609,control,1,0
c002610,control,1,0
c002611,control,0,0
c002612,control,1,0
c002613,control,1,0
c002614,control,0,0
c002615,control,0,0
c002616,control,0,0
c002617,control,1,0
c002618,control,1,0
c002619,control,1,0
c002620,control,1,0
c002621,control,1,0
c002622,control,0,0
c002623,control,1,0
c002624,control,1,0
c002625,control,1,0
c002626,control,0,0
c002627,control,1,0
c002628,control,1,0
c002629,control,0,0
c002630,control,0,0
c002631,control,1,0
c002632,control,1,0
c002633,control,0,0
c002634,control,1,0
c002635,control,1,0
c002636,control,1,0
c002637,control,1,0
c002638,control,1,0
c002639,control,0,0
c002640,control,1,0
c002641,control,0,0
c002642,control,1,0
c002643,control,0,0
c002644,control,1,0
c002645,control,1,0
c002646,control,1,0
c002647,control,1,0
c002648,control,0,0
c002649,control,0,0
c002650,control,1,0
c002651,control,1,0
c002652,control,0,0
c002653,control,1,0
c002654,control,1,0
c002655,control,0,0
c002656,control,0,0
c002657,control,1,0
c002658,control,1,0
c002659,control,0,0
c002660,control,1,0
c002661,control,1,0
c002662,control,1,0
c002663,control,0,0
c002664,control,1,0
c002665,control,0,0
c002666,control,1,0
c002667,control,0,0
c002668,control,1,0
c002669,control,0,0
c002670,control,1,0
c002671,control,1,0
c002672,control,1,0
c002673,control,0,0
c002674,control,1,0
c002675,control,0,0
c002676,control,1,0
c002677,control,1,0
c002678,control,1,0
c002679,control,0,0
c002680,control,1,0
c002681,control,1,0
c002682,control,0,0
c002683,control,1,0
c002684,control,0,0
c002685,control,1,0
c002686,control,1,0
c002687,control,0,0
c002688,control,0,0
c002689,control,1,0
c002690,control,1,0
c002691,control,1,0
c002692,control,0,0
c002693,control,0,0
c002694,control,1,0
c002695,control,0,0
c002696,control,1,0
c002697,control,0,0
c002698,control,0,0
c002699,control,0,0
c002700,control,1,0
c002701,control,0,0
c002702,control,0,0
c002703,control,0,0
c002704,control,0,0
c002705,control,1,0
c002706,control,1,0
c002707,control,1,0
c002708,control,1,0
c002709,control,1,0
c002710,control,0,0
c002711,control,1,0
c002712,control,0,0
c002713,control,0,0
c002714,control,1,0
c002715,control,1,0
c002716,control,0,0
c002717,control,1,0
c002718,control,1,0
c002719,control,0,0
c002720,control,0,0
c002721,control,1,0
c002722,control,0,0
c002723,control,1,0
c002724,control,0,0
c002725,control,0,0
c002726,control,1,0
c002727,control,1,0
c002728,control,1,0
c002729,control,1,0
c002730,control,1,0
c002731,control,1,0
c002732,control,1,0
c002733,control,0,0
c002734,control,0,0
c002735,control,1,0
c002736,control,1,0
c002737,control,0,0
c002738,control,1,0
c002739,control,1,0
c002740,control,1,0
c002741,control,1,0
c002742,control,1,0
c002743,control,1,0
c002744,control,1,0
c002745,control,0,0
c002746,control,1,0
c002747,control,0,0
c002748,control,1,0
c002749,control,1,0
c002750,control,1,0
c002751,control,0,0
c002752,control,0,0
c002753,control,1,0
c002754,control,0,0
c002755,control,1,0
c002756,control,1,0
c002757,control,0,0
c002758,control,1,0
c002759,control,1,0
c002760,control,0,0
c002761,control,0,0
c002762,control,1,0
c002763,control,0,0
c002764,control,1,0
c002765,control,1,0
c002766,control,1,0
c002767,control,1,0
c002768,control,0,0
c002769,control,0,0
c002770,control,1,0
c002771,control,1,0
c002772,control,0,0
c002773,control,0,0
c002774,control,0,0
c002775,control,0,0
c002776,control,1,0
c002777,control,0,0
c002778,control,1,0
c002779,control,0,0
c002780,control,1,0
c002781,control,0,0
c002782,control,0,0
c002783,control,1,0
c002784,control,1,0
c002785,control,1,0
c002786,control,1,0
c002787,control,1,0
c002788,control,1,0
c002789,control,0,0
c002790,control,1,0
c002791,control,1,0
c002792,control,1,0
c002793,control,0,0
c002794,control,1,0
c002795,control,0,0
c002796,control,1,0
c002797,control,1,0
c002798,control,1,0
c002799,control,0,0
c002800,control,1,1
c002801,control,1,0
c002802,control,1,0
c002803,control,1,0
c002804,control,1,0
c002805,control,1,0
c002806,control,1,0
c002807,control,1,0
c002808,control,0,0
c002809,control,1,0
c002810,control,1,0
c002811,control,1,0
c002812,control,0,0
c002813,control,0,0
c002814,control,1,0
c002815,control,1,0
c002816,control,0,0
c002817,control,1,0
c002818,control,0,0
c002819,control,0,0
c002820,control,1,0
c002821,control,1,0
c002822,control,0,0
c002823,control,1,0
c002824,control,1,0
c002825,control,1,0
c002826,control,1,0
c002827,control,1,0
c002828,control,0,0
c002829,control,1,0
c002830,control,1,0
c002831,control,1,0
c002832,control,1,0
c002833,control,1,0
c002834,control,1,0
c002835,control,0,0
c002836,control,1,0
c002837,control,1,1
c002838,control,1,0
c002839,control,0,0
c002840,control,1,0
c002841,control,1,0
c002842,control,0,0
c002843,control,0,0
c002844,control,1,0
c002845,control,0,0
c002846,control,1,0
c002847,control,1,0
c002848,control,1,0
c002849,control,1,0
c002850,control,0,0
c002851,control,1,0
c002852,control,1,0
c002853,control,0,0
c002854,control,1,0
c002855,control,1,0
c002856,control,0,0
c002857,control,1,0
c002858,control,0,0
c002859,control,0,0
c002860,control,0,1
c002861,control,1,0
c002862,control,1,0
c002863,control,0,0
c002864,control,1,0
c002865,control,1,0
c002866,control,1,0
c002867,control,0,0
c002868,control,1,0
c002869,control,1,0
c002870,control,0,0
c002871,control,0,0
c002872,control,0,0
c002873,control,0,0
c002874,control,1,0
c002875,control,0,0
c002876,control,0,0
c002877,control,1,0
c002878,control,1,0
c002879,control,1,0
c002880,control,1,0
c002881,control,1,0
c002882,control,1,0
c002883,control,1,0
c002884,control,1,0
c002885,control,1,0
c002886,control,1,0
c002887,control,1,0
c002888,control,1,0
c002889,control,1,0
c002890,control,0,0
c002891,control,1,0
c002892,control,0,0
c002893,control,0,0
c002894,control,0,0
c002895,control,1,0
c002896,control,1,0
c002897,control,0,0
c002898,control,1,1
c002899,control,0,0
c002900,control,1,0
c002901,control,0,0
c002902,control,0,0
c002903,control,1,0
c002904,control,1,0
c002905,control,1,0
c002906,control,0,0
c002907,control,1,0
c002908,control,0,0
c002909,control,0,0
c002910,control,1,0
c002911,control,0,0
c002912,control,1,0
c002913,control,0,0
c002914,control,1,0
c002915,control,1,0
c002916,control,0,0
c002917,control,1,0
c002918,control,1,0
c002919,control,0,0
c002920,control,1,0
c002921,control,0,0
c002922,control,1,0
c002923,control,0,0
c002924,control,1,0
c002925,control,1,0
c002926,control,0,0
c002927,control,1,0
c002928,control,1,0
c002929,control,1,0
c002930,control,1,0
c002931,control,1,1
c002932,control,0,0
c002933,control,1,0
c002934,control,1,0
c002935,control,1,0
c002936,control,1,0
c002937,control,1,0
c002938,control,0,0
c002939,control,0,0
c002940,control,1,0
c002941,control,1,0
c002942,control,0,0
c002943,control,0,0
c002944,control,0,0
c002945,control,0,0
c002946,control,1,0
c002947,control,1,0
c002948,control,0,0
c002949,control,1,0
c002950,control,0,0
c002951,control,1,0
c002952,control,1,0
c002953,control,1,0
c002954,control,1,0
c002955,control,0,1
c002956,control,1,0
c002957,control,1,0
c002958,control,1,0
c002959,control,1,0
c002960,control,1,0
c002961,control,1,0
c002962,control,0,0
c002963,control,1,0
c002964,control,1,0
c002965,control,1,0
c002966,control,0,0
c002967,control,1,0
c002968,control,1,0
c002969,control,1,0
c002970,control,0,0
c002971,control,0,0
c002972,control,0,0
c002973,control,1,0
c002974,control,1,0
c002975,control,1,0
c002976,control,0,1
c002977,control,0,0
c002978,control,1,0
c002979,control,1,0
c002980,control,1,0
c002981,control,0,0
c002982,control,1,0
c002983,control,1,0
c002984,control,1,0
c002985,control,1,0
c002986,control,0,0
c002987,control,1,0
c002988,control,1,0
c002989,control,1,0
c002990,control,1,0
c002991,control,1,0
c002992,control,1,0
c002993,control,1,0
c002994,control,0,0
c002995,control,1,0
c002996,control,0,0
c002997,control,1,0
c002998,control,1,0
c002999,control,1,0
c003000,control,0,0
c003001,control,1,0
c003002,control,1,0
c003003,control,1,0
c003004,control,0,0
c003005,control,0,0
c003006,control,1,0
c003007,control,0,0
c003008,control,1,0
c003009,control,1,0
c003010,control,1,0
c003011,control,1,0
c003012,control,0,0
c003013,control,1,0
c003014,control,0,0
c003015,control,1,0
c003016,control,1,0
c003017,control,0,0
c003018,control,1,0
c003019,control,0,0
c003020,control,0,0
c003021,control,0,0
c003022,control,0,0
c003023,control,1,0
c003024,control,1,0
c003025,control,1,0
c003026,control,1,0
c003027,control,1,0
c003028,control,1,0
c003029,control,1,0
c003030,control,1,0
c003031,control,1,0
c003032,control,1,0
c003033,control,1,0
c003034,control,0,0
c003035,control,1,0
c003036,control,1,0
c003037,control,0,0
c003038,control,1,0
c003039,control,1,0
c003040,control,1,0
c003041,control,1,0
c003042,control,0,1
c003043,control,0,0
c003044,control,0,0
c003045,control,0,0
c003046,control,1,0
c003047,control,0,0
c003048,control,0,0
c003049,control,1,0
c003050,control,0,0
c003051,control,1,0
c003052,control,0,0
c003053,control,0,0
c003054,control,1,0
c003055,control,1,0
c003056,control,0,0
c003057,control,1,0
c003058,control,0,0
c003059,control,1,0
c003060,control,1,0
c003061,control,1,0
c003062,control,1,0
c003063,control,1,0
c003064,control,1,0
c003065,control,1,0
c003066,control,1,0
c003067,control,1,0
c003068,control,0,0
c003069,control,1,0
c003070,control,1,0
c003071,control,1,0
c003072,control,0,0
c003073,control,1,0
c003074,control,1,0
c003075,control,1,0
c003076,control,1,0
c003077,control,1,0
c003078,control,1,0
c003079,control,1,0
c003080,control,0,0
c003081,control,1,0
c003082,control,1,0
c003083,control,1,0
c003084,control,1,0
c003085,control,1,0
c003086,control,1,1
c003087,control,0,0
c003088,control,1,0
c003089,control,0,0
c003090,control,0,0
c003091,control,0,0
c003092,control,1,0
c003093,control,1,0
c003094,control,1,0
c003095,control,1,0
c003096,control,1,0
c003097,control,0,0
c003098,control,1,0
c003099,control,0,0
c003100,control,0,0
c003101,control,1,0
c003102,control,1,0
c003103,control,1,0
c003104,control,1,0
c003105,control,1,0
c003106,control,1,0
c003107,control,1,0
c003108,control,0,0
c003109,control,1,0
c003110,control,0,0
c003111,control,1,0
c003112,control,1,0
c003113,control,1,0
c003114,control,1,0
c003115,control,1,0
c003116,control,1,0
c003117,control,0,0
c003118,control,1,0
c003119,control,1,0
c003120,control,1,0
c003121,control,0,0
c003122,control,1,0
c003123,control,1,0
c003124,control,0,0
c003125,control,1,0
c003126,control,1,0
c003127,control,0,0
c003128,control,0,0
c003129,control,1,0
c003130,control,0,0
c003131,control,1,0
c003132,control,1,0
c003133,control,1,0
c003134,control,1,0
c003135,control,0,0
c003136,control,0,0
c003137,control,0,0
c003138,control,1,0
c003139,control,0,0
c003140,control,0,0
c003141,control,0,0
c003142,control,1,0
c003143,control,0,0
c003144,control,1,0
c003145,control,1,0
c003146,control,0,0
c003147,control,1,0
c003148,control,1,0
c003149,control,1,0
c003150,control,1,0
c003151,control,0,0
c003152,control,1,0
c003153,control,1,0
c003154,control,1,0
c003155,control,1,0
c003156,control,0,0
c003157,control,1,0
c003158,control,0,0
c003159,control,0,0
c003160,control,1,0
c003161,control,1,0
c003162,control,0,0
c003163,control,1,0
c003164,control,0,0
c003165,control,1,0
c003166,control,1,0
c003167,control,1,0
c003168,control,1,0
c003169,control,1,0
c003170,control,1,0
c003171,control,0,0
c003172,control,1,0
c003173,control,1,0
c003174,control,1,0
c003175,control,0,0
c003176,control,0,0
c003177,control,1,0
c003178,control,0,0
c003179,control,1,0
c003180,control,1,0
c003181,control,1,0
c003182,control,0,0
c003183,control,1,0
c003184,control,0,0
c003185,control,1,0
c003186,control,1,0
c003187,control,1,0
c003188,control,1,0
c003189,control,1,0
c003190,control,0,0
c003191,control,1,0
c003192,control,0,0
c003193,control,0,0
c003194,control,1,0
c003195,control,1,0
c003196,control,0,0
c003197,control,0,0
c003198,control,0,0
c003199,control,1,0
c003200,control,0,0
c003201,control,1,0
c003202,control,1,0
c003203,control,0,0
c003204,control,0,0
c003205,control,1,0
c003206,control,1,0
c003207,control,0,0
c003208,control,0,0
c003209,control,1,0
c003210,control,1,0
c003211,control,1,0
c003212,control,1,0
c003213,control,1,0
c003214,control,0,0
c003215,control,1,0
c003216,control,1,0
c003217,control,0,0
c003218,control,1,0
c003219,control,0,0
c003220,control,1,0
c003221,control,0,0
c003222,control,1,0
c003223,control,1,0
c003224,control,1,0
c003225,control,0,0
c003226,control,1,0
c003227,control,1,0
c003228,control,0,0
c003229,control,1,0
c003230,control,0,0
c003231,control,0,0
c003232,control,1,0
c003233,control,1,0
c003234,control,0,0
c003235,control,0,0
c003236,control,1,0
c003237,control,1,1
c003238,control,0,0
c003239,control,1,0
c003240,control,0,0
c003241,control,1,0
c003242,control,1,0
c003243,control,0,0
c003244,control,1,0
c003245,control,1,0
c003246,control,1,0
c003247,control,1,0
c003248,control,1,0
c003249,control,0,0
c003250,control,1,0
c003251,control,0,0
c003252,control,1,0
c003253,control,1,0
c003254,control,0,0
c003255,control,0,0
c003256,control,0,0
c003257,control,0,0
c003258,control,0,0
c003259,control,0,0
c003260,control,1,0
c003261,control,1,0
c003262,control,0,0
c003263,control,0,0
c003264,control,1,0
c003265,control,0,0
c003266,control,0,0
c003267,control,0,0
c003268,control,1,0
c003269,control,0,1
c003270,control,1,0
c003271,control,0,0
c003272,control,1,0
c003273,control,1,0
c003274,control,1,0
c003275,control,1,0
c003276,control,1,0
c003277,control,1,0
c003278,control,1,0
c003279,control,1,0
c003280,control,1,0
c003281,control,0,0
c003282,control,1,0
c003283,control,0,0
c003284,control,1,0
c003285,control,0,0
c003286,control,1,0
c003287,control,0,0
c003288,control,0,0
c003289,control,0,0
c003290,control,1,0
c003291,control,0,0
c003292,control,1,0
c003293,control,1,0
c003294,control,1,0
c003295,control,1,0
c003296,control,0,0
c003297,control,1,0
c003298,control,1,0
c003299,control,1,0
c003300,control,1,0
c003301,control,1,0
c003302,control,1,0
c003303,control,1,0
c003304,control,0,0
c003305,control,0,0
c003306,control,0,0
c003307,control,1,0
c003308,control,0,0
c003309,control,0,0
c003310,control,0,0
c003311,control,0,0
c003312,control,0,0
c003313,control,0,0
c003314,control,1,0
c003315,control,1,0
c003316,control,1,0
c003317,control,1,0
c003318,control,1,0
c003319,control,1,0
c003320,control,1,0
c003321,control,1,0
c003322,control,1,0
c003323,control,1,0
c003324,control,1,0
c003325,control,1,0
c003326,control,0,0
c003327,control,1,0
c003328,control,1,0
c003329,control,0,0
c003330,control,1,0
c003331,control,1,0
c003332,control,1,0
c003333,control,0,0
c003334,control,0,0
c003335,control,1,0
c003336,control,0,0
c003337,control,1,0
c003338,control,0,0
c003339,control,1,0
c003340,control,1,0
c003341,control,0,0
c003342,control,1,0
c003343,control,0,0
c003344,control,1,0
c003345,control,0,0
c003346,control,1,0
c003347,control,1,0
c003348,control,1,0
c003349,control,1,0
c003350,control,0,0
c003351,control,1,0
c003352,control,1,0
c003353,control,1,0
c003354,control,1,0
c003355,control,1,0
c003356,control,1,0
c003357,control,1,0
c003358,control,1,0
c003359,control,0,0
c003360,control,1,0
c003361,control,1,0
c003362,control,0,0
c003363,control,0,0
c003364,control,1,0
c003365,control,1,0
c003366,control,1,0
c003367,control,1,0
c003368,control,0,0
c003369,control,1,0
c003370,control,0,0
c003371,control,1,0
c003372,control,0,0
c003373,control,1,0
c003374,control,1,0
c003375,control,1,0
c003376,control,0,0
c003377,control,1,0
c003378,control,0,0
c003379,control,1,0
c003380,control,1,0
c003381,control,1,0
c003382,control,0,0
c003383,control,1,0
c003384,control,1,0
c003385,control,1,0
c003386,control,1,0
c003387,control,1,0
c003388,control,1,0
c003389,control,1,0
c003390,control,1,0
c003391,control,1,0
c003392,control,1,0
c003393,control,1,0
c003394,control,1,0
c003395,control,1,0
c003396,control,0,0
c003397,control,1,0
c003398,control,1,0
c003399,control,1,0
c003400,control,0,0
c003401,control,1,0
c003402,control,1,0
c003403,control,1,0
c003404,control,1,0
c003405,control,1,0
c003406,control,1,0
c003407,control,1,0
c003408,control,1,0
c003409,control,1,0
c003410,control,1,0
c003411,control,1,0
c003412,control,1,0
c003413,control,1,0
c003414,control,0,0
c003415,control,0,0
c003416,control,1,0
c003417,control,1,0
c003418,control,1,0
c003419,control,1,0
c003420,control,0,0
c003421,control,0,0
c003422,control,1,0
c003423,control,0,0
c003424,control,0,0
c003425,control,1,0
c003426,control,1,0
c003427,control,1,0
c003428,control,0,0
c003429,control,0,0
c003430,control,1,0
c003431,control,1,0
c003432,control,1,0
c003433,control,0,0
c003434,control,0,0
c003435,control,0,0
c003436,control,1,0
c003437,control,0,0
c003438,control,0,0
c003439,control,1,0
c003440,control,1,0
c003441,control,1,0
c003442,control,1,0
c003443,control,0,0
c003444,control,1,0
c003445,control,0,0
c003446,control,0,0
c003447,control,1,0
c003448,control,0,0
c003449,control,0,0
c003450,control,0,0
c003451,control,1,1
c003452,control,1,0
c003453,control,1,0
c003454,control,0,0
c003455,control,1,0
c003456,control,1,0
c003457,control,0,0
c003458,control,1,0
c003459,control,0,0
c003460,control,1,0
c003461,control,1,0
c003462,control,0,0
c003463,control,1,0
c003464,control,0,0
c003465,control,0,0
c003466,control,1,0
c003467,control,1,0
c003468,control,0,0
c003469,control,1,0
c003470,control,1,0
c003471,control,1,0
c003472,control,0,0
c003473,control,0,0
c003474,control,0,0
c003475,control,1,0
c003476,control,1,0
c003477,control,1,0
c003478,control,1,0
c003479,control,0,0
c003480,control,1,0
c003481,control,1,0
c003482,control,1,0
c003483,control,0,0
c003484,control,1,0
c003485,control,0,0
c003486,control,0,1
c003487,control,1,0
c003488,control,1,0
c003489,control,0,0
c003490,control,0,0
c003491,control,1,0
c003492,control,0,0
c003493,control,0,0
c003494,control,1,0
c003495,control,1,0
c003496,control,0,0
c003497,control,1,0
c003498,control,0,0
c003499,control,1,0
c003500,control,0,0
c003501,control,1,0
c003502,control,1,0
c003503,control,1,0
c003504,control,1,0
c003505,control,0,0
c003506,control,1,0
c003507,control,1,0
c003508,control,1,0
c003509,control,1,0
c003510,control,0,0
c003511,control,1,0
c003512,control,0,0
c003513,control,1,0
c003514,control,0,0
c003515,control,1,0
c003516,control,1,0
c003517,control,1,0
c003518,control,0,0
c003519,control,0,0
c003520,control,1,0
c003521,control,0,0
c003522,control,1,0
c003523,control,0,0
c003524,control,1,0
c003525,control,1,0
c003526,control,1,0
c003527,control,1,0
c003528,control,1,0
c003529,control,1,0
c003530,control,0,0
c003531,control,1,0
c003532,control,1,0
c003533,control,1,0
c003534,control,1,0
c003535,control,1,0
c003536,control,1,0
c003537,control,1,0
c003538,control,0,0
c003539,control,0,0
c003540,control,0,0
c003541,control,1,0
c003542,control,0,0
c003543,control,1,0
c003544,control,0,0
c003545,control,1,0
c003546,control,1,0
c003547,control,0,0
c003548,control,1,0
c003549,control,1,0
c003550,control,0,0
c003551,control,0,0
c003552,control,0,0
c003553,control,1,0
c003554,control,1,0
c003555,control,1,0
c003556,control,0,0
c003557,control,0,0
c003558,control,1,0
c003559,control,1,0
c003560,control,1,0
c003561,control,0,0
c003562,control,0,0
c003563,control,0,0
c003564,control,0,0
c003565,control,1,0
c003566,control,1,0
c003567,control,0,0
c003568,control,1,0
c003569,control,0,0
c003570,control,0,1
c003571,control,1,0
c003572,control,1,0
c003573,control,1,0
c003574,control,1,0
c003575,control,0,0
c003576,control,1,0
c003577,control,1,0
c003578,control,1,0
c003579,control,1,0
c003580,control,1,0
c003581,control,1,0
c003582,control,1,0
c003583,control,0,0
c003584,control,1,0
c003585,control,1,0
c003586,control,0,0
c003587,control,1,0
c003588,control,1,0
c003589,control,0,0
c003590,control,0,0
c003591,control,1,0
c003592,control,1,0
c003593,control,1,0
c003594,control,1,0
c003595,control,0,0
c003596,control,1,0
c003597,control,0,0
c003598,control,0,0
c003599,control,1,0
c003600,control,1,0
c003601,control,0,0
c003602,control,1,0
c003603,control,1,0
c003604,control,1,0
c003605,control,1,0
c003606,control,1,0
c003607,control,1,0
c003608,control,1,0
c003609,control,0,0
c003610,control,1,0
c003611,control,1,0
c003612,control,1,0
c003613,control,0,0
c003614,control,1,0
c003615,control,1,0
c003616,control,0,0
c003617,control,1,0
c003618,control,0,0
c003619,control,1,0
c003620,control,0,0
c003621,control,0,0
c003622,control,1,0
c003623,control,1,0
c003624,control,0,0
c003625,control,1,0
c003626,control,0,0
c003627,control,1,0
c003628,control,0,0
c003629,control,1,0
c003630,control,1,0
c003631,control,1,0
c003632,control,1,0
c003633,control,1,1
c003634,control,1,0
c003635,control,1,0
c003636,control,1,0
c003637,control,1,0
c003638,control,0,0
c003639,control,0,0
c003640,control,1,0
c003641,control,0,0
c003642,control,1,1
c003643,control,1,0
c003644,control,1,0
c003645,control,1,0
c003646,control,1,0
c003647,control,1,0
c003648,control,1,0
c003649,control,1,0
c003650,control,1,0
c003651,control,1,0
c003652,control,0,0
c003653,control,1,0
c003654,control,0,0
c003655,control,0,0
c003656,control,1,0
c003657,control,1,0
c003658,control,1,0
c003659,control,0,0
c003660,control,1,0
c003661,control,0,0
c003662,control,1,0
c003663,control,1,0
c003664,control,1,0
c003665,control,0,0
c003666,control,1,0
c003667,control,0,0
c003668,control,1,0
c003669,control,1,0
c003670,control,1,0
c003671,control,1,0
c003672,control,1,0
c003673,control,0,0
c003674,control,1,0
c003675,control,1,0
c003676,control,1,0
c003677,control,0,0
c003678,control,1,0
c003679,control,0,0
c003680,control,1,0
c003681,control,1,0
c003682,control,1,0
c003683,control,1,0
c003684,control,1,0
c003685,control,1,0
c003686,control,1,0
c003687,control,1,0
c003688,control,1,1
c003689,control,1,0
c003690,control,1,0
c003691,control,1,0
c003692,control,1,0
c003693,control,1,0
c003694,control,1,0
c003695,control,1,0
c003696,control,1,0
c003697,control,0,0
c003698,control,0,0
c003699,control,1,0
c003700,control,0,0
c003701,control,1,0
c003702,control,1,0
c003703,control,1,0
c003704,control,1,0
c003705,control,1,0
c003706,control,1,0
c003707,control,0,0
c003708,control,1,0
c003709,control,0,0
c003710,control,1,0
c003711,control,0,0
c003712,control,0,0
c003713,control,1,0
c003714,control,0,0
c003715,control,1,0
c003716,control,0,0
c003717,control,1,0
c003718,control,1,0
c003719,control,0,0
c003720,control,0,0
c003721,control,1,1
c003722,control,1,0
c003723,control,1,0
c003724,control,1,0
c003725,control,0,0
c003726,control,1,1
c003727,control,1,0
c003728,control,0,0
c003729,control,1,0
c003730,control,1,0
c003731,control,0,0
c003732,control,1,0
c003733,control,1,0
c003734,control,0,0
c003735,control,0,0
c003736,control,0,0
c003737,control,1,0
c003738,control,1,0
c003739,control,0,0
c003740,control,0,0
c003741,control,1,0
c003742,control,1,0
c003743,control,1,0
c003744,control,1,0
c003745,control,0,0
c003746,control,1,0
c003747,control,1,1
c003748,control,1,0
c003749,control,1,0
c003750,control,1,0
c003751,control,0,0
c003752,control,1,0
c003753,control,0,0
c003754,control,1,0
c003755,control,1,0
c003756,control,0,0
c003757,control,1,0
c003758,control,1,0
c003759,control,1,0
c003760,control,0,0
c003761,control,0,0
c003762,control,0,0
c003763,control,1,0
c003764,control,0,0
c003765,control,0,0
c003766,control,1,1
c003767,control,1,0
c003768,control,1,0
c003769,control,0,0
c003770,control,1,0
c003771,control,1,0
c003772,control,1,0
c003773,control,1,0
c003774,control,1,0
c003775,control,1,0
c003776,control,0,0
c003777,control,0,0
c003778,control,1,0
c003779,control,1,0
c003780,control,1,0
c003781,control,1,0
c003782,control,1,0
c003783,control,0,0
c003784,control,1,0
c003785,control,1,0
c003786,control,1,0
c003787,control,1,0
c003788,control,0,0
c003789,control,0,0
c003790,control,1,0
c003791,control,0,0
c003792,control,1,0
c003793,control,1,0
c003794,control,1,0
c003795,control,0,0
c003796,control,1,0
c003797,control,1,0
c003798,control,0,0
c003799,control,0,0
c003800,control,0,0
c003801,control,1,0
c003802,control,1,0
c003803,control,1,0
c003804,control,0,0
c003805,control,0,0
c003806,control,1,0
c003807,control,1,0
c003808,control,1,0
c003809,control,1,0
c003810,control,0,0
c003811,control,0,0
c003812,control,1,0
c003813,control,1,0
c003814,control,1,0
c003815,control,0,0
c003816,control,1,0
c003817,control,0,0
c003818,control,1,0
c003819,control,1,0
c003820,control,0,0
c003821,control,1,0
c003822,control,1,1
c003823,control,1,0
c003824,control,1,0
c003825,control,1,0
c003826,control,1,0
c003827,control,1,0
c003828,control,1,0
c003829,control,1,0
c003830,control,0,0
c003831,control,0,0
c003832,control,0,0
c003833,control,0,0
c003834,control,1,0
c003835,control,0,0
c003836,control,0,0
c003837,control,1,0
c003838,control,1,0
c003839,control,1,0
c003840,control,1,0
c003841,control,1,0
c003842,control,1,0
c003843,control,1,0
c003844,control,1,0
c003845,control,1,0
c003846,control,0,0
c003847,control,1,0
c003848,control,1,0
c003849,control,0,0
c003850,control,1,0
c003851,control,1,0
c003852,control,1,0
c003853,control,1,0
c003854,control,1,0
c003855,control,1,0
c003856,control,1,0
c003857,control,1,0
c003858,control,0,0
c003859,control,0,0
c003860,control,1,0
c003861,control,0,0
c003862,control,1,0
c003863,control,1,0
c003864,control,1,0
c003865,control,1,0
c003866,control,0,0
c003867,control,0,0
c003868,control,1,0
c003869,control,1,0
c003870,control,1,0
c003871,control,0,0
c003872,control,1,0
c003873,control,1,0
c003874,control,1,0
c003875,control,0,0
c003876,control,1,0
c003877,control,0,0
c003878,control,1,0
c003879,control,1,0
c003880,control,1,0
c003881,control,0,0
c003882,control,1,0
c003883,control,1,0
c003884,control,1,0
c003885,control,1,0
c003886,control,1,0
c003887,control,1,0
c003888,control,1,0
c003889,control,1,0
c003890,control,1,0
c003891,control,1,0
c003892,control,0,0
c003893,control,0,0
c003894,control,1,0
c003895,control,1,0
c003896,control,1,0
c003897,control,0,0
c003898,control,0,0
c003899,control,1,0
c003900,control,0,0
c003901,control,0,0
c003902,control,0,0
c003903,control,0,0
c003904,control,1,0
c003905,control,1,0
c003906,control,1,0
c003907,control,1,0
c003908,control,1,0
c003909,control,0,0
c003910,control,0,0
c003911,control,1,0
c003912,control,1,0
c003913,control,0,0
c003914,control,1,0
c003915,control,1,0
c003916,control,0,0
c003917,control,1,0
c003918,control,1,0
c003919,control,1,0
c003920,control,0,0
c003921,control,1,0
c003922,control,1,0
c003923,control,1,0
c003924,control,0,0
c003925,control,1,0
c003926,control,0,0
c003927,control,0,1
c003928,control,0,0
c003929,control,0,0
c003930,control,0,0
c003931,control,1,0
c003932,control,1,0
c003933,control,0,0
c003934,control,0,0
c003935,control,0,0
c003936,control,0,0
c003937,control,0,0
c003938,control,1,0
c003939,control,1,0
c003940,control,0,0
c003941,control,0,0
c003942,control,0,0
c003943,control,0,0
c003944,control,1,0
c003945,control,0,0
c003946,control,1,0
c003947,control,1,0
c003948,control,1,0
c003949,control,0,0
c003950,control,0,0
c003951,control,1,0
c003952,control,1,0
c003953,control,1,0
c003954,control,0,0
c003955,control,1,0
c003956,control,0,0
c003957,control,1,0
c003958,control,1,0
c003959,control,0,0
c003960,control,1,0
c003961,control,1,0
c003962,control,0,0
c003963,control,0,0
c003964,control,0,0
c003965,control,0,0
c003966,control,1,0
c003967,control,1,0
c003968,control,1,0
c003969,control,0,0
c003970,control,1,0
c003971,control,1,0
c003972,control,1,0
c003973,control,0,0
c003974,control,1,0
c003975,control,1,0
c003976,control,1,0
c003977,control,1,0
c003978,control,1,0
c003979,control,0,0
c003980,control,1,0
c003981,control,0,0
c003982,control,1,0
c003983,control,0,0
c003984,control,1,0
c003985,control,1,0
c003986,control,0,0
c003987,control,1,0
c003988,control,0,0
c003989,control,1,0
c003990,control,0,0
c003991,control,1,0
c003992,control,0,0
c003993,control,1,0
c003994,control,0,0
c003995,control,1,0
c003996,control,0,0
c003997,control,1,0
c003998,control,1,0
c003999,control,1,0
c004000,control,0,0
c004001,control,1,0
c004002,control,1,0
c004003,control,1,0
c004004,control,1,0
c004005,control,1,0
c004006,control,1,0
c004007,control,1,1
c004008,control,1,0
c004009,control,1,1
c004010,control,0,0
c004011,control,1,0
c004012,control,1,0
c004013,control,1,0
c004014,control,1,0
c004015,control,0,0
c004016,control,1,0
c004017,control,1,0
c004018,control,1,0
c004019,control,1,0
c004020,control,1,0
c004021,control,1,0
c004022,control,0,0
c004023,control,0,0
c004024,control,0,0
c004025,control,0,0
c004026,control,1,0
c004027,control,0,0
c004028,control,1,0
c004029,control,1,0
c004030,control,1,0
c004031,control,0,0
c004032,control,1,0
c004033,control,1,0
c004034,control,0,0
c004035,control,1,0
c004036,control,1,0
c004037,control,1,0
c004038,control,1,0
c004039,control,0,0
c004040,control,1,0
t000000,treatment,1,0
t000001,treatment,1,0
t000002,treatment,1,0
t000003,treatment,1,0
t000004,treatment,1,0
t000005,treatment,1,0
t000006,treatment,0,0
t000007,treatment,1,0
t000008,treatment,1,0
t000009,treatment,1,0
t000010,treatment,1,0
t000011,treatment,1,0
t000012,treatment,1,0
t000013,treatment,1,0
t000014,treatment,1,0
t000015,treatment,1,0
t000016,treatment,0,0
t000017,treatment,1,0
t000018,treatment,1,0
t000019,treatment,1,0
t000020,treatment,0,0
t000021,treatment,1,0
t000022,treatment,1,0
t000023,treatment,0,0
t000024,treatment,1,0
t000025,treatment,1,0
t000026,treatment,1,0
t000027,treatment,0,0
t000028,treatment,1,0
t000029,treatment,0,0
t000030,treatment,1,0
t000031,treatment,1,0
t000032,treatment,1,0
t000033,treatment,0,0
t000034,treatment,1,0
t000035,treatment,0,0
t000036,treatment,1,1
t000037,treatment,0,0
t000038,treatment,0,0
t000039,treatment,0,0
t000040,treatment,1,0
t000041,treatment,1,0
t000042,treatment,1,0
t000043,treatment,0,0
t000044,treatment,1,0
t000045,treatment,1,0
t000046,treatment,1,0
t000047,treatment,1,1
t000048,treatment,1,0
t000049,treatment,1,0
t000050,treatment,1,0
t000051,treatment,1,0
t000052,treatment,1,0
t000053,treatment,0,0
t000054,treatment,1,0
t000055,treatment,1,0
t000056,treatment,1,0
t000057,treatment,0,0
t000058,treatment,1,0
t000059,treatment,0,0
t000060,treatment,1,0
t000061,treatment,0,0
t000062,treatment,0,0
t000063,treatment,1,1
t000064,treatment,1,0
t000065,treatment,0,0
t000066,treatment,1,0
t000067,treatment,1,0
t000068,treatment,0,0
t000069,treatment,1,0
t000070,treatment,0,0
t000071,treatment,1,0
t000072,treatment,1,0
t000073,treatment,1,0
t000074,treatment,0,0
t000075,treatment,0,0
t000076,treatment,1,0
t000077,treatment,1,0
t000078,treatment,1,0
t000079,treatment,1,1
t000080,treatment,1,0
t000081,treatment,1,0
t000082,treatment,1,0
t000083,treatment,0,0
t000084,treatment,0,0
t000085,treatment,1,1
t000086,treatment,0,0
t000087,treatment,0,0
t000088,treatment,1,0
t000089,treatment,0,0
t000090,treatment,1,0
t000091,treatment,0,0
t000092,treatment,0,0
t000093,treatment,1,0
t000094,treatment,0,0
t000095,treatment,1,0
t000096,treatment,1,0
t000097,treatment,0,0
t000098,treatment,1,0
t000099,treatment,0,0
t000100,treatment,1,0
t000101,treatment,1,0
t000102,treatment,1,0
t000103,treatment,0,0
t000104,treatment,0,0
t000105,treatment,1,0
t000106,treatment,0,0
t000107,treatment,0,1
t000108,treatment,1,0
t000109,treatment,1,0
t000110,treatment,0,0
t000111,treatment,1,0
t000112,treatment,1,0
t000113,treatment,1,0
t000114,treatment,0,0
t000115,treatment,1,0
t000116,treatment,0,0
t000117,treatment,1,0
t000118,treatment,1,0
t000119,treatment,0,0
t000120,treatment,1,0
t000121,treatment,1,0
t000122,treatment,0,0
t000123,treatment,0,0
t000124,treatment,0,0
t000125,treatment,1,0
t000126,treatment,1,0
t000127,treatment,1,0
t000128,treatment,1,0
t000129,treatment,1,0
t000130,treatment,1,0
t000131,treatment,0,0
t000132,treatment,0,0
t000133,treatment,0,0
t000134,treatment,0,0
t000135,treatment,1,0
t000136,treatment,0,0
t000137,treatment,1,0
t000138,treatment,1,0
t000139,treatment,1,0
t000140,treatment,1,0
t000141,treatment,1,0
t000142,treatment,0,0
t000143,treatment,1,0
t000144,treatment,1,0
t000145,treatment,0,0
t000146,treatment,1,0
t000147,treatment,1,0
t000148,treatment,1,0
t000149,treatment,1,0
t000150,treatment,0,0
t000151,treatment,1,1
t000152,treatment,1,0
t000153,treatment,1,0
t000154,treatment,1,0
t000155,treatment,0,0
t000156,treatment,1,0
t000157,treatment,1,0
t000158,treatment,1,0
t000159,treatment,1,0
t000160,treatment,1,0
t000161,treatment,1,0
t000162,treatment,1,0
t000163,treatment,1,0
t000164,treatment,0,0
t000165,treatment,1,0
t000166,treatment,1,0
t000167,treatment,1,0
t000168,treatment,0,0
t000169,treatment,1,0
t000170,treatment,0,0
t000171,treatment,1,0
t000172,treatment,1,0
t000173,treatment,1,0
t000174,treatment,1,0
t000175,treatment,1,0
t000176,treatment,0,0
t000177,treatment,0,0
t000178,treatment,1,0
t000179,treatment,1,0
t000180,treatment,1,0
t000181,treatment,0,0
t000182,treatment,1,0
t000183,treatment,1,0
t000184,treatment,1,1
t000185,treatment,1,0
t000186,treatment,1,0
t000187,treatment,0,0
t000188,treatment,1,0
t000189,treatment,0,0
t000190,treatment,0,0
t000191,treatment,1,0
t000192,treatment,1,0
t000193,treatment,0,0
t000194,treatment,1,0
t000195,treatment,1,0
t000196,treatment,1,0
t000197,treatment,0,0
t000198,treatment,0,0
t000199,treatment,1,0
t000200,treatment,0,0
t000201,treatment,1,0
t000202,treatment,1,0
t000203,treatment,1,0
t000204,treatment,0,0
t000205,treatment,1,0
t000206,treatment,1,0
t000207,treatment,0,0
t000208,treatment,0,0
t000209,treatment,0,0
t000210,treatment,1,0
t000211,treatment,1,0
t000212,treatment,1,0
t000213,treatment,0,0
t000214,treatment,0,0
t000215,treatment,1,0
t000216,treatment,1,0
t000217,treatment,0,0
t000218,treatment,1,1
t000219,treatment,1,0
t000220,treatment,1,0
t000221,treatment,0,0
t000222,treatment,1,0
t000223,treatment,1,0
t000224,treatment,1,0
t000225,treatment,1,0
t000226,treatment,1,0
t000227,treatment,0,0
t000228,treatment,0,0
t000229,treatment,1,0
t000230,treatment,0,0
t000231,treatment,1,0
t000232,treatment,1,0
t000233,treatment,1,0
t000234,treatment,1,0
t000235,treatment,1,0
t000236,treatment,1,0
t000237,treatment,0,0
t000238,treatment,1,0
t000239,treatment,0,0
t000240,treatment,1,0
t000241,treatment,1,0
t000242,treatment,1,0
t000243,treatment,1,0
t000244,treatment,1,0
t000245,treatment,1,0
t000246,treatment,1,0
t000247,treatment,1,0
t000248,treatment,0,0
t000249,treatment,0,0
t000250,treatment,1,0
t000251,treatment,0,0
t000252,treatment,1,0
t000253,treatment,1,0
t000254,treatment,0,1
t000255,treatment,1,0
t000256,treatment,1,0
t000257,treatment,0,1
t000258,treatment,1,0
t000259,treatment,1,0
t000260,treatment,1,0
t000261,treatment,0,0
t000262,treatment,0,0
t000263,treatment,1,0
t000264,treatment,0,0
t000265,treatment,1,0
t000266,treatment,0,0
t000267,treatment,0,0
t000268,treatment,1,0
t000269,treatment,0,0
t000270,treatment,0,0
t000271,treatment,1,0
t000272,treatment,0,0
t000273,treatment,1,0
t000274,treatment,1,0
t000275,treatment,1,0
t000276,treatment,1,0
t000277,treatment,1,0
t000278,treatment,1,0
t000279,treatment,0,0
t000280,treatment,1,0
t000281,treatment,1,0
t000282,treatment,1,0
t000283,treatment,1,0
t000284,treatment,1,0
t000285,treatment,0,0
t000286,treatment,0,0
t000287,treatment,1,0
t000288,treatment,1,0
t000289,treatment,1,0
t000290,treatment,1,0
t000291,treatment,1,0
t000292,treatment,0,0
t000293,treatment,1,0
t000294,treatment,0,0
t000295,treatment,1,0
t000296,treatment,1,0
t000297,treatment,1,0
t000298,treatment,0,0
t000299,treatment,1,0
t000300,treatment,1,0
t000301,treatment,1,0
t000302,treatment,1,0
t000303,treatment,1,0
t000304,treatment,1,0
t000305,treatment,1,0
t000306,treatment,1,0
t000307,treatment,0,0
t000308,treatment,1,0
t000309,treatment,0,0
t000310,treatment,1,0
t000311,treatment,1,0
t000312,treatment,0,0
t000313,treatment,1,0
t000314,treatment,1,0
t000315,treatment,0,0
t000316,treatment,1,0
t000317,treatment,1,0
t000318,treatment,0,0
t000319,treatment,1,0
t000320,treatment,1,0
t000321,treatment,0,0
t000322,treatment,1,0
t000323,treatment,1,0
t000324,treatment,1,0
t000325,treatment,1,1
t000326,treatment,1,0
t000327,treatment,0,0
t000328,treatment,1,0
t000329,treatment,0,0
t000330,treatment,0,0
t000331,treatment,0,0
t000332,treatment,0,0
t000333,treatment,1,0
t000334,treatment,0,0
t000335,treatment,1,0
t000336,treatment,0,1
t000337,treatment,1,0
t000338,treatment,1,0
t000339,treatment,1,0
t000340,treatment,0,0
t000341,treatment,1,0
t000342,treatment,1,0
t000343,treatment,1,0
t000344,treatment,0,0
t000345,treatment,0,0
t000346,treatment,1,0
t000347,treatment,1,0
t000348,treatment,1,0
t000349,treatment,0,0
t000350,treatment,0,0
t000351,treatment,0,0
t000352,treatment,0,0
t000353,treatment,1,0
t000354,treatment,1,0
t000355,treatment,1,0
t000356,treatment,0,0
t000357,treatment,1,0
t000358,treatment,1,0
t000359,treatment,1,0
t000360,treatment,1,0
t000361,treatment,1,0
t000362,treatment,0,1
t000363,treatment,1,0
t000364,treatment,1,0
t000365,treatment,1,0
t000366,treatment,1,0
t000367,treatment,1,0
t000368,treatment,1,0
t000369,treatment,1,0
t000370,treatment,1,0
t000371,treatment,0,0
t000372,treatment,1,0
t000373,treatment,1,0
t000374,treatment,0,0
t000375,treatment,1,1
t000376,treatment,0,0
t000377,treatment,1,0
t000378,treatment,0,0
t000379,treatment,1,0
t000380,treatment,1,0
t000381,treatment,1,0
t000382,treatment,0,0
t000383,treatment,1,0
t000384,treatment,1,0
t000385,treatment,0,0
t000386,treatment,0,0
t000387,treatment,1,0
t000388,treatment,1,0
t000389,treatment,1,0
t000390,treatment,1,0
t000391,treatment,1,0
t000392,treatment,1,0
t000393,treatment,0,1
t000394,treatment,0,0
t000395,treatment,1,0
t000396,treatment,0,0
t000397,treatment,0,0
t000398,treatment,1,0
t000399,treatment,1,0
t000400,treatment,1,0
t000401,treatment,1,0
t000402,treatment,1,1
t000403,treatment,0,0
t000404,treatment,1,0
t000405,treatment,0,0
t000406,treatment,1,0
t000407,treatment,1,0
t000408,treatment,0,0
t000409,treatment,1,0
t000410,treatment,1,0
t000411,treatment,1,0
t000412,treatment,1,0
t000413,treatment,1,0
t000414,treatment,0,0
t000415,treatment,1,0
t000416,treatment,0,0
t000417,treatment,0,0
t000418,treatment,0,0
t000419,treatment,1,0
t000420,treatment,1,0
t000421,treatment,1,0
t000422,treatment,0,0
t000423,treatment,0,0
t000424,treatment,1,0
t000425,treatment,0,0
t000426,treatment,1,0
t000427,treatment,1,0
t000428,treatment,1,0
t000429,treatment,1,0
t000430,treatment,1,0
t000431,treatment,1,0
t000432,treatment,1,0
t000433,treatment,0,0
t000434,treatment,1,0
t000435,treatment,1,0
t000436,treatment,0,0
t000437,treatment,1,0
t000438,treatment,1,0
t000439,treatment,0,0
t000440,treatment,1,0
t000441,treatment,1,0
t000442,treatment,1,0
t000443,treatment,0,0
t000444,treatment,0,0
t000445,treatment,1,0
t000446,treatment,0,0
t000447,treatment,0,0
t000448,treatment,0,0
t000449,treatment,1,0
t000450,treatment,0,0
t000451,treatment,1,0
t000452,treatment,0,0
t000453,treatment,0,0
t000454,treatment,1,0
t000455,treatment,1,0
t000456,treatment,0,0
t000457,treatment,1,0
t000458,treatment,0,0
t000459,treatment,0,0
t000460,treatment,1,0
t000461,treatment,1,0
t000462,treatment,1,0
t000463,treatment,0,0
t000464,treatment,0,0
t000465,treatment,1,0
t000466,treatment,0,0
t000467,treatment,1,0
t000468,treatment,0,0
t000469,treatment,0,0
t000470,treatment,1,0
t000471,treatment,0,0
t000472,treatment,1,0
t000473,treatment,1,0
t000474,treatment,1,0
t000475,treatment,0,0
t000476,treatment,1,0
t000477,treatment,0,0
t000478,treatment,0,0
t000479,treatment,0,0
t000480,treatment,1,1
t000481,treatment,0,0
t000482,treatment,1,0
t000483,treatment,1,0
t000484,treatment,1,0
t000485,treatment,0,0
t000486,treatment,1,0
t000487,treatment,1,0
t000488,treatment,1,0
t000489,treatment,1,0
t000490,treatment,0,0
t000491,treatment,1,0
t000492,treatment,0,0
t000493,treatment,1,0
t000494,treatment,1,0
t000495,treatment,1,0
t000496,treatment,1,0
t000497,treatment,1,0
t000498,treatment,0,0
t000499,treatment,1,0
t000500,treatment,0,0
t000501,treatment,1,0
t000502,treatment,1,0
t000503,treatment,1,0
t000504,treatment,1,0
t000505,treatment,1,0
t000506,treatment,0,0
t000507,treatment,0,0
t000508,treatment,1,0
t000509,treatment,1,0
t000510,treatment,1,0
t000511,treatment,1,0
t000512,treatment,1,0
t000513,treatment,1,0
t000514,treatment,1,0
t000515,treatment,0,0
t000516,treatment,0,0
t000517,treatment,0,0
t000518,treatment,0,0
t000519,treatment,0,0
t000520,treatment,1,0
t000521,treatment,1,0
t000522,treatment,1,0
t000523,treatment,1,0
t000524,treatment,0,0
t000525,treatment,0,0
t000526,treatment,0,0
t000527,treatment,1,0
t000528,treatment,1,0
t000529,treatment,1,0
t000530,treatment,1,0
t000531,treatment,1,0
t000532,treatment,0,0
t000533,treatment,1,0
t000534,treatment,0,0
t000535,treatment,1,0
t000536,treatment,1,0
t000537,treatment,1,0
t000538,treatment,1,0
t000539,treatment,0,0
t000540,treatment,0,0
t000541,treatment,1,0
t000542,treatment,1,0
t000543,treatment,0,0
t000544,treatment,1,0
t000545,treatment,0,0
t000546,treatment,1,0
t000547,treatment,1,0
t000548,treatment,1,0
t000549,treatment,1,0
t000550,treatment,1,0
t000551,treatment,0,0
t000552,treatment,1,0
t000553,treatment,1,0
t000554,treatment,0,0
t000555,treatment,0,0
t000556,treatment,1,0
t000557,treatment,1,0
t000558,treatment,1,0
t000559,treatment,1,0
t000560,treatment,1,0
t000561,treatment,1,0
t000562,treatment,0,0
t000563,treatment,1,0
t000564,treatment,1,0
t000565,treatment,1,0
t000566,treatment,1,0
t000567,treatment,0,0
t000568,treatment,1,0
t000569,treatment,0,0
t000570,treatment,1,0
t000571,treatment,0,0
t000572,treatment,1,0
t000573,treatment,1,0
t000574,treatment,1,0
t000575,treatment,1,0
t000576,treatment,1,0
t000577,treatment,1,0
t000578,treatment,1,0
t000579,treatment,1,0
t000580,treatment,1,0
t000581,treatment,0,0
t000582,treatment,1,0
t000583,treatment,1,0
t000584,treatment,0,0
t000585,treatment,0,0
t000586,treatment,0,0
t000587,treatment,1,0
t000588,treatment,0,0
t000589,treatment,1,0
t000590,treatment,0,0
t000591,treatment,1,0
t000592,treatment,1,0
t000593,treatment,0,0
t000594,treatment,1,0
t000595,treatment,1,0
t000596,treatment,0,0
t000597,treatment,1,0
t000598,treatment,0,0
t000599,treatment,1,0
t000600,treatment,0,0
t000601,treatment,1,0
t000602,treatment,0,0
t000603,treatment,1,0
t000604,treatment,0,0
t000605,treatment,1,0
t000606,treatment,0,0
t000607,treatment,0,0
t000608,treatment,0,0
t000609,treatment,1,0
t000610,treatment,1,0
t000611,treatment,1,0
t000612,treatment,0,0
t000613,treatment,0,0
t000614,treatment,1,0
t000615,treatment,0,0
t000616,treatment,1,0
t000617,treatment,1,0
t000618,treatment,1,0
t000619,treatment,1,0
t000620,treatment,0,0
t000621,treatment,1,0
t000622,treatment,0,0
t000623,treatment,1,0
t000624,treatment,1,0
t000625,treatment,0,0
t000626,treatment,1,0
t000627,treatment,0,0
t000628,treatment,0,0
t000629,treatment,1,0
t000630,treatment,1,0
t000631,treatment,1,0
t000632,treatment,1,0
t000633,treatment,0,0
t000634,treatment,1,0
t000635,treatment,1,0
t000636,treatment,0,0
t000637,treatment,1,0
t000638,treatment,1,0
t000639,treatment,1,0
t000640,treatment,1,0
t000641,treatment,1,0
t000642,treatment,1,0
t000643,treatment,1,0
t000644,treatment,1,0
t000645,treatment,1,0
t000646,treatment,0,0
t000647,treatment,1,0
t000648,treatment,0,0
t000649,treatment,1,0
t000650,treatment,0,0
t000651,treatment,1,0
t000652,treatment,1,0
t000653,treatment,0,0
t000654,treatment,0,0
t000655,treatment,0,0
t000656,treatment,1,0
t000657,treatment,1,0
t000658,treatment,1,0
t000659,treatment,1,0
t000660,treatment,1,0
t000661,treatment,1,0
t000662,treatment,0,0
t000663,treatment,1,0
t000664,treatment,1,0
t000665,treatment,1,0
t000666,treatment,1,0
t000667,treatment,0,0
t000668,treatment,1,0
t000669,treatment,1,0
t000670,treatment,0,0
t000671,treatment,0,0
t000672,treatment,0,0
t000673,treatment,0,0
t000674,treatment,1,0
t000675,treatment,1,0
t000676,treatment,1,0
t000677,treatment,1,0
t000678,treatment,0,0
t000679,treatment,1,0
t000680,treatment,1,0
t000681,treatment,1,0
t000682,treatment,0,0
t000683,treatment,1,0
t000684,treatment,0,0
t000685,treatment,1,0
t000686,treatment,1,0
t000687,treatment,1,0
t000688,treatment,0,0
t000689,treatment,0,0
t000690,treatment,1,0
t000691,treatment,1,0
t000692,treatment,1,0
t000693,treatment,0,0
t000694,treatment,1,0
t000695,treatment,1,0
t000696,treatment,1,0
t000697,treatment,1,0
t000698,treatment,1,0
t000699,treatment,0,0
t000700,treatment,0,0
t000701,treatment,1,0
t000702,treatment,0,0
t000703,treatment,0,0
t000704,treatment,1,0
t000705,treatment,1,0
t000706,treatment,1,0
t000707,treatment,0,0
t000708,treatment,1,0
t000709,treatment,0,0
t000710,treatment,0,0
t000711,treatment,1,0
t000712,treatment,1,0
t000713,treatment,1,0
t000714,treatment,1,0
t000715,treatment,1,0
t000716,treatment,1,0
t000717,treatment,0,0
t000718,treatment,1,0
t000719,treatment,1,0
t000720,treatment,0,1
t000721,treatment,1,0
t000722,treatment,0,0
t000723,treatment,1,0
t000724,treatment,1,0
t000725,treatment,1,0
t000726,treatment,0,0
t000727,treatment,1,0
t000728,treatment,1,0
t000729,treatment,1,0
t000730,treatment,0,0
t000731,treatment,1,0
t000732,treatment,1,0
t000733,treatment,0,0
t000734,treatment,1,0
t000735,treatment,1,0
t000736,treatment,0,0
t000737,treatment,1,0
t000738,treatment,1,0
t000739,treatment,0,0
t000740,treatment,1,0
t000741,treatment,1,0
t000742,treatment,1,0
t000743,treatment,1,0
t000744,treatment,1,0
t000745,treatment,0,0
t000746,treatment,1,0
t000747,treatment,1,0
t000748,treatment,0,0
t000749,treatment,0,0
t000750,treatment,1,0
t000751,treatment,1,0
t000752,treatment,0,0
t000753,treatment,1,0
t000754,treatment,1,0
t000755,treatment,1,0
t000756,treatment,1,0
t000757,treatment,1,0
t000758,treatment,0,0
t000759,treatment,1,0
t000760,treatment,1,0
t000761,treatment,0,1
t000762,treatment,0,0
t000763,treatment,1,0
t000764,treatment,0,0
t000765,treatment,1,0
t000766,treatment,1,0
t000767,treatment,0,0
t000768,treatment,1,0
t000769,treatment,1,0
t000770,treatment,1,0
t000771,treatment,0,0
t000772,treatment,1,0
t000773,treatment,0,0
t000774,treatment,0,0
t000775,treatment,1,0
t000776,treatment,0,0
t000777,treatment,1,0
t000778,treatment,1,0
t000779,treatment,0,0
t000780,treatment,0,0
t000781,treatment,1,0
t000782,treatment,0,0
t000783,treatment,1,0
t000784,treatment,0,0
t000785,treatment,1,0
t000786,treatment,0,0
t000787,treatment,1,0
t000788,treatment,1,0
t000789,treatment,1,0
t000790,treatment,1,0
t000791,treatment,1,0
t000792,treatment,1,0
t000793,treatment,1,0
t000794,treatment,0,0
t000795,treatment,1,0
t000796,treatment,1,0
t000797,treatment,1,0
t000798,treatment,0,0
t000799,treatment,0,0
t000800,treatment,1,0
t000801,treatment,1,0
t000802,treatment,1,0
t000803,treatment,1,0
t000804,treatment,1,0
t000805,treatment,1,0
t000806,treatment,1,0
t000807,treatment,1,0
t000808,treatment,1,1
t000809,treatment,1,0
t000810,treatment,1,0
t000811,treatment,1,0
t000812,treatment,1,0
t000813,treatment,1,0
t000814,treatment,1,0
t000815,treatment,0,0
t000816,treatment,1,0
t000817,treatment,1,0
t000818,treatment,1,0
t000819,treatment,1,0
t000820,treatment,0,0
t000821,treatment,0,0
t000822,treatment,0,1
t000823,treatment,1,0
t000824,treatment,1,0
t000825,treatment,0,0
t000826,treatment,1,0
t000827,treatment,0,0
t000828,treatment,1,0
t000829,treatment,1,0
t000830,treatment,1,0
t000831,treatment,0,0
t000832,treatment,1,0
t000833,treatment,1,0
t000834,treatment,0,0
t000835,treatment,0,0
t000836,treatment,1,0
t000837,treatment,1,1
t000838,treatment,1,0
t000839,treatment,1,0
t000840,treatment,1,0
t000841,treatment,1,0
t000842,treatment,1,0
t000843,treatment,0,0
t000844,treatment,1,0
t000845,treatment,0,0
t000846,treatment,1,0
t000847,treatment,1,1
t000848,treatment,0,0
t000849,treatment,1,0
t000850,treatment,1,0
t000851,treatment,0,0
t000852,treatment,0,0
t000853,treatment,0,0
t000854,treatment,1,0
t000855,treatment,1,0
t000856,treatment,1,0
t000857,treatment,1,0
t000858,treatment,0,0
t000859,treatment,0,0
t000860,treatment,1,0
t000861,treatment,0,0
t000862,treatment,1,0
t000863,treatment,1,0
t000864,treatment,0,0
t000865,treatment,0,0
t000866,treatment,1,0
t000867,treatment,1,0
t000868,treatment,0,0
t000869,treatment,1,0
t000870,treatment,1,0
t000871,treatment,1,0
t000872,treatment,1,0
t000873,treatment,0,0
t000874,treatment,1,0
t000875,treatment,0,0
t000876,treatment,1,0
t000877,treatment,1,0
t000878,treatment,1,0
t000879,treatment,0,0
t000880,treatment,0,0
t000881,treatment,1,0
t000882,treatment,1,0
t000883,treatment,1,0
t000884,treatment,1,0
t000885,treatment,1,1
t000886,treatment,1,0
t000887,treatment,1,0
t000888,treatment,1,0
t000889,treatment,0,0
t000890,treatment,1,0
t000891,treatment,1,0
t000892,treatment,0,0
t000893,treatment,0,0
t000894,treatment,1,0
t000895,treatment,1,0
t000896,treatment,0,0
t000897,treatment,0,0
t000898,treatment,0,0
t000899,treatment,0,0
t000900,treatment,1,0
t000901,treatment,0,0
t000902,treatment,1,0
t000903,treatment,0,0
t000904,treatment,1,0
t000905,treatment,1,0
t000906,treatment,1,0
t000907,treatment,1,0
t000908,treatment,1,1
t000909,treatment,1,0
t000910,treatment,1,0
t000911,treatment,0,0
t000912,treatment,1,0
t000913,treatment,1,0
t000914,treatment,1,0
t000915,treatment,1,0
t000916,treatment,1,0
t000917,treatment,0,0
t000918,treatment,0,1
t000919,treatment,1,0
t000920,treatment,1,0
t000921,treatment,0,0
t000922,treatment,0,0
t000923,treatment,1,0
t000924,treatment,1,0
t000925,treatment,0,0
t000926,treatment,1,0
t000927,treatment,1,0
t000928,treatment,0,0
t000929,treatment,1,0
t000930,treatment,1,0
t000931,treatment,1,0
t000932,treatment,1,0
t000933,treatment,1,0
t000934,treatment,1,0
t000935,treatment,0,0
t000936,treatment,1,0
t000937,treatment,1,0
t000938,treatment,1,0
t000939,treatment,1,0
t000940,treatment,1,0
t000941,treatment,0,0
t000942,treatment,0,0
t000943,treatment,0,0
t000944,treatment,0,0
t000945,treatment,1,0
t000946,treatment,1,0
t000947,treatment,1,0
t000948,treatment,1,0
t000949,treatment,1,0
t000950,treatment,0,0
t000951,treatment,1,0
t000952,treatment,1,0
t000953,treatment,1,0
t000954,treatment,1,0
t000955,treatment,1,0
t000956,treatment,1,0
t000957,treatment,1,0
t000958,treatment,1,0
t000959,treatment,0,0
t000960,treatment,0,0
t000961,treatment,1,0
t000962,treatment,0,0
t000963,treatment,1,0
t000964,treatment,1,0
t000965,treatment,1,0
t000966,treatment,1,0
t000967,treatment,1,0
t000968,treatment,1,0
t000969,treatment,1,0
t000970,treatment,1,0
t000971,treatment,0,0
t000972,treatment,1,0
t000973,treatment,0,0
t000974,treatment,0,0
t000975,treatment,0,0
t000976,treatment,1,0
t000977,treatment,0,0
t000978,treatment,1,0
t000979,treatment,0,0
t000980,treatment,1,0
t000981,treatment,1,0
t000982,treatment,1,0
t000983,treatment,0,0
t000984,treatment,1,0
t000985,treatment,1,0
t000986,treatment,0,0
t000987,treatment,1,0
t000988,treatment,1,0
t000989,treatment,1,0
t000990,treatment,0,0
t000991,treatment,0,0
t000992,treatment,0,0
t000993,treatment,1,0
t000994,treatment,1,0
t000995,treatment,1,0
t000996,treatment,1,0
t000997,treatment,1,0
t000998,treatment,1,0
t000999,treatment,1,0
t001000,treatment,1,0
t001001,treatment,1,0
t001002,treatment,0,0
t001003,treatment,1,0
t001004,treatment,0,0
t001005,treatment,1,0
t001006,treatment,1,0
t001007,treatment,0,0
t001008,treatment,1,0
t001009,treatment,1,0
t001010,treatment,1,0
t001011,treatment,0,0
t001012,treatment,1,0
t001013,treatment,1,0
t001014,treatment,1,0
t001015,treatment,1,0
t001016,treatment,1,0
t001017,treatment,1,0
t001018,treatment,1,0
t001019,treatment,1,0
t001020,treatment,1,0
t001021,treatment,1,0
t001022,treatment,1,0
t001023,treatment,0,0
t001024,treatment,1,0
t001025,treatment,1,0
t001026,treatment,1,0
t001027,treatment,1,0
t001028,treatment,0,0
t001029,treatment,0,0
t001030,treatment,1,0
t001031,treatment,0,0
t001032,treatment,0,0
t001033,treatment,1,0
t001034,treatment,0,0
t001035,treatment,0,0
t001036,treatment,0,0
t001037,treatment,1,0
t001038,treatment,0,1
t001039,treatment,1,0
t001040,treatment,0,0
t001041,treatment,1,0
t001042,treatment,1,0
t001043,treatment,1,0
t001044,treatment,1,0
t001045,treatment,0,0
t001046,treatment,0,0
t001047,treatment,1,0
t001048,treatment,1,0
t001049,treatment,1,0
t001050,treatment,1,0
t001051,treatment,0,0
t001052,treatment,1,0
t001053,treatment,1,0
t001054,treatment,0,0
t001055,treatment,1,0
t001056,treatment,0,0
t001057,treatment,0,0
t001058,treatment,1,0
t001059,treatment,0,0
t001060,treatment,0,0
t001061,treatment,1,0
t001062,treatment,0,0
t001063,treatment,1,0
t001064,treatment,1,0
t001065,treatment,1,0
t001066,treatment,1,0
t001067,treatment,1,0
t001068,treatment,0,0
t001069,treatment,1,0
t001070,treatment,0,0
t001071,treatment,0,0
t001072,treatment,1,0
t001073,treatment,0,0
t001074,treatment,0,0
t001075,treatment,1,0
t001076,treatment,1,0
t001077,treatment,1,0
t001078,treatment,1,0
t001079,treatment,1,0
t001080,treatment,1,0
t001081,treatment,1,0
t001082,treatment,0,0
t001083,treatment,1,0
t001084,treatment,0,0
t001085,treatment,0,0
t001086,treatment,1,0
t001087,treatment,1,0
t001088,treatment,0,0
t001089,treatment,1,0
t001090,treatment,1,0
t001091,treatment,1,0
t001092,treatment,1,0
t001093,treatment,1,0
t001094,treatment,1,0
t001095,treatment,1,0
t001096,treatment,1,0
t001097,treatment,1,0
t001098,treatment,0,0
t001099,treatment,0,0
t001100,treatment,0,0
t001101,treatment,0,0
t001102,treatment,1,0
t001103,treatment,1,0
t001104,treatment,0,0
t001105,treatment,0,0
t001106,treatment,1,0
t001107,treatment,0,0
t001108,treatment,0,0
t001109,treatment,1,0
t001110,treatment,0,0
t001111,treatment,0,0
t001112,treatment,0,0
t001113,treatment,0,0
t001114,treatment,1,0
t001115,treatment,1,0
t001116,treatment,0,0
t001117,treatment,1,0
t001118,treatment,0,0
t001119,treatment,1,0
t001120,treatment,0,0
t001121,treatment,0,0
t001122,treatment,1,0
t001123,treatment,1,0
t001124,treatment,0,0
t001125,treatment,1,0
t001126,treatment,0,0
t001127,treatment,1,0
t001128,treatment,1,0
t001129,treatment,1,0
t001130,treatment,1,0
t001131,treatment,0,0
t001132,treatment,1,0
t001133,treatment,1,0
t001134,treatment,1,0
t001135,treatment,1,0
t001136,treatment,1,0
t001137,treatment,0,0
t001138,treatment,0,0
t001139,treatment,1,0
t001140,treatment,0,0
t001141,treatment,0,1
t001142,treatment,1,0
t001143,treatment,1,0
t001144,treatment,1,0
t001145,treatment,1,0
t001146,treatment,0,0
t001147,treatment,1,0
t001148,treatment,1,0
t001149,treatment,1,0
t001150,treatment,0,0
t001151,treatment,0,0
t001152,treatment,0,0
t001153,treatment,0,0
t001154,treatment,0,0
t001155,treatment,1,0
t001156,treatment,1,0
t001157,treatment,1,0
t001158,treatment,1,0
t001159,treatment,1,0
t001160,treatment,0,0
t001161,treatment,1,0
t001162,treatment,0,0
t001163,treatment,1,0
t001164,treatment,0,0
t001165,treatment,1,0
t001166,treatment,0,0
t001167,treatment,1,0
t001168,treatment,1,0
t001169,treatment,1,0
t001170,treatment,1,0
t001171,treatment,1,0
t001172,treatment,1,0
t001173,treatment,0,0
t001174,treatment,0,0
t001175,treatment,1,0
t001176,treatment,0,0
t001177,treatment,1,0
t001178,treatment,0,0
t001179,treatment,1,0
t001180,treatment,1,0
t001181,treatment,1,0
t001182,treatment,1,0
t001183,treatment,1,0
t001184,treatment,1,0
t001185,treatment,1,0
t001186,treatment,1,0
t001187,treatment,1,0
t001188,treatment,0,0
t001189,treatment,0,0
t001190,treatment,1,0
t001191,treatment,0,0
t001192,treatment,1,0
t001193,treatment,0,0
t001194,treatment,0,0
t001195,treatment,1,0
t001196,treatment,0,0
t001197,treatment,1,0
t001198,treatment,1,0
t001199,treatment,0,0
t001200,treatment,0,0
t001201,treatment,1,0
t001202,treatment,0,0
t001203,treatment,0,0
t001204,treatment,1,0
t001205,treatment,1,0
t001206,treatment,1,0
t001207,treatment,1,0
t001208,treatment,1,0
t001209,treatment,1,0
t001210,treatment,1,0
t001211,treatment,0,0
t001212,treatment,1,0
t001213,treatment,1,0
t001214,treatment,0,0
t001215,treatment,0,0
t001216,treatment,1,0
t001217,treatment,1,0
t001218,treatment,1,0
t001219,treatment,1,0
t001220,treatment,1,0
t001221,treatment,1,0
t001222,treatment,0,0
t001223,treatment,1,0
t001224,treatment,1,0
t001225,treatment,1,0
t001226,treatment,1,0
t001227,treatment,0,0
t001228,treatment,0,0
t001229,treatment,1,0
t001230,treatment,1,0
t001231,treatment,1,0
t001232,treatment,1,0
t001233,treatment,1,0
t001234,treatment,1,0
t001235,treatment,1,0
t001236,treatment,1,0
t001237,treatment,0,0
t001238,treatment,0,0
t001239,treatment,1,0
t001240,treatment,1,0
t001241,treatment,0,0
t001242,treatment,0,0
t001243,treatment,1,0
t001244,treatment,1,0
t001245,treatment,0,0
t001246,treatment,0,0
t001247,treatment,1,0
t001248,treatment,1,0
t001249,treatment,1,0
t001250,treatment,0,0
t001251,treatment,1,0
t001252,treatment,0,0
t001253,treatment,0,0
t001254,treatment,1,0
t001255,treatment,0,0
t001256,treatment,1,0
t001257,treatment,1,0
t001258,treatment,0,0
t001259,treatment,1,0
t001260,treatment,1,0
t001261,treatment,1,0
t001262,treatment,1,0
t001263,treatment,1,0
t001264,treatment,1,0
t001265,treatment,1,0
t001266,treatment,0,0
t001267,treatment,1,0
t001268,treatment,0,0
t001269,treatment,1,0
t001270,treatment,1,0
t001271,treatment,0,0
t001272,treatment,0,0
t001273,treatment,1,0
t001274,treatment,0,0
t001275,treatment,0,0
t001276,treatment,1,0
t001277,treatment,1,0
t001278,treatment,0,0
t001279,treatment,1,0
t001280,treatment,1,0
t001281,treatment,1,0
t001282,treatment,1,0
t001283,treatment,1,0
t001284,treatment,1,0
t001285,treatment,1,0
t001286,treatment,1,0
t001287,treatment,1,0
t001288,treatment,1,0
t001289,treatment,0,0
t001290,treatment,1,0
t001291,treatment,1,0
t001292,treatment,1,0
t001293,treatment,0,0
t001294,treatment,0,0
t001295,treatment,1,0
t001296,treatment,1,0
t001297,treatment,1,0
t001298,treatment,0,0
t001299,treatment,1,0
t001300,treatment,1,0
t001301,treatment,1,0
t001302,treatment,0,0
t001303,treatment,1,0
t001304,treatment,1,0
t001305,treatment,1,0
t001306,treatment,1,0
t001307,treatment,1,0
t001308,treatment,1,0
t001309,treatment,1,0
t001310,treatment,0,0
t001311,treatment,1,0
t001312,treatment,0,0
t001313,treatment,1,0
t001314,treatment,0,0
t001315,treatment,1,0
t001316,treatment,1,0
t001317,treatment,0,0
t001318,treatment,1,0
t001319,treatment,1,0
t001320,treatment,0,0
t001321,treatment,1,0
t001322,treatment,0,0
t001323,treatment,1,0
t001324,treatment,1,0
t001325,treatment,0,0
t001326,treatment,1,0
t001327,treatment,1,0
t001328,treatment,1,0
t001329,treatment,0,0
t001330,treatment,1,0
t001331,treatment,1,0
t001332,treatment,1,1
t001333,treatment,1,0
t001334,treatment,0,0
t001335,treatment,1,0
t001336,treatment,1,0
t001337,treatment,0,0
t001338,treatment,1,0
t001339,treatment,1,0
t001340,treatment,1,0
t001341,treatment,1,0
t001342,treatment,1,0
t001343,treatment,0,0
t001344,treatment,1,0
t001345,treatment,1,0
t001346,treatment,0,0
t001347,treatment,0,0
t001348,treatment,1,0
t001349,treatment,0,0
t001350,treatment,0,0
t001351,treatment,1,0
t001352,treatment,1,0
t001353,treatment,0,0
t001354,treatment,1,0
t001355,treatment,1,0
t001356,treatment,1,0
t001357,treatment,0,0
t001358,treatment,0,0
t001359,treatment,1,0
t001360,treatment,1,0
t001361,treatment,1,0
t001362,treatment,0,0
t001363,treatment,1,0
t001364,treatment,1,0
t001365,treatment,0,0
t001366,treatment,1,0
t001367,treatment,1,0
t001368,treatment,0,0
t001369,treatment,0,0
t001370,treatment,1,0
t001371,treatment,1,0
t001372,treatment,1,0
t001373,treatment,1,0
t001374,treatment,1,0
t001375,treatment,1,0
t001376,treatment,0,0
t001377,treatment,0,0
t001378,treatment,0,0
t001379,treatment,1,0
t001380,treatment,1,0
t001381,treatment,0,0
t001382,treatment,0,0
t001383,treatment,1,0
t001384,treatment,1,0
t001385,treatment,1,0
t001386,treatment,1,0
t001387,treatment,1,0
t001388,treatment,0,0
t001389,treatment,0,0
t001390,treatment,1,1
t001391,treatment,0,0
t001392,treatment,1,0
t001393,treatment,0,0
t001394,treatment,0,0
t001395,treatment,1,1
t001396,treatment,0,0
t001397,treatment,0,0
t001398,treatment,0,0
t001399,treatment,1,0
t001400,treatment,0,0
t001401,treatment,1,0
t001402,treatment,0,0
t001403,treatment,1,0
t001404,treatment,1,0
t001405,treatment,1,0
t001406,treatment,1,0
t001407,treatment,1,0
t001408,treatment,0,0
t001409,treatment,1,0
t001410,treatment,1,0
t001411,treatment,1,0
t001412,treatment,1,0
t001413,treatment,1,0
t001414,treatment,1,0
t001415,treatment,0,0
t001416,treatment,0,1
t001417,treatment,1,0
t001418,treatment,1,0
t001419,treatment,1,0
t001420,treatment,1,0
t001421,treatment,0,0
t001422,treatment,1,0
t001423,treatment,1,0
t001424,treatment,0,0
t001425,treatment,1,0
t001426,treatment,1,0
t001427,treatment,1,0
t001428,treatment,1,0
t001429,treatment,0,0
t001430,treatment,0,0
t001431,treatment,1,0
t001432,treatment,0,0
t001433,treatment,1,0
t001434,treatment,1,0
t001435,treatment,0,0
t001436,treatment,1,0
t001437,treatment,1,0
t001438,treatment,0,0
t001439,treatment,0,0
t001440,treatment,0,0
t001441,treatment,0,0
t001442,treatment,0,0
t001443,treatment,0,0
t001444,treatment,0,0
t001445,treatment,0,0
t001446,treatment,1,0
t001447,treatment,1,0
t001448,treatment,0,0
t001449,treatment,1,0
t001450,treatment,1,0
t001451,treatment,0,0
t001452,treatment,1,0
t001453,treatment,1,0
t001454,treatment,1,0
t001455,treatment,0,0
t001456,treatment,1,0
t001457,treatment,0,0
t001458,treatment,1,0
t001459,treatment,0,0
t001460,treatment,1,0
t001461,treatment,1,0
t001462,treatment,1,0
t001463,treatment,0,0
t001464,treatment,0,0
t001465,treatment,0,0
t001466,treatment,0,0
t001467,treatment,0,0
t001468,treatment,0,0
t001469,treatment,0,0
t001470,treatment,0,0
t001471,treatment,1,0
t001472,treatment,1,0
t001473,treatment,0,0
t001474,treatment,0,0
t001475,treatment,1,0
t001476,treatment,1,0
t001477,treatment,1,0
t001478,treatment,1,0
t001479,treatment,0,1
t001480,treatment,1,0
t001481,treatment,0,0
t001482,treatment,0,0
t001483,treatment,1,0
t001484,treatment,0,0
t001485,treatment,1,0
t001486,treatment,1,0
t001487,treatment,1,0
t001488,treatment,1,0
t001489,treatment,1,0
t001490,treatment,1,0
t001491,treatment,1,0
t001492,treatment,1,0
t001493,treatment,1,0
t001494,treatment,1,0
t001495,treatment,1,0
t001496,treatment,0,0
t001497,treatment,1,0
t001498,treatment,1,0
t001499,treatment,0,0
t001500,treatment,0,0
t001501,treatment,1,0
t001502,treatment,1,0
t001503,treatment,1,0
t001504,treatment,1,0
t001505,treatment,0,0
t001506,treatment,0,0
t001507,treatment,1,0
t001508,treatment,0,0
t001509,treatment,1,0
t001510,treatment,1,0
t001511,treatment,0,0
t001512,treatment,0,0
t001513,treatment,1,0
t001514,treatment,1,0
t001515,treatment,1,0
t001516,treatment,0,0
t001517,treatment,0,0
t001518,treatment,1,0
t001519,treatment,1,0
t001520,treatment,0,0
t001521,treatment,1,0
t001522,treatment,1,0
t001523,treatment,0,0
t001524,treatment,0,0
t001525,treatment,1,0
t001526,treatment,1,0
t001527,treatment,0,0
t001528,treatment,1,0
t001529,treatment,1,0
t001530,treatment,0,0
t001531,treatment,1,0
t001532,treatment,0,0
t001533,treatment,1,0
t001534,treatment,0,1
t001535,treatment,0,0
t001536,treatment,1,0
t001537,treatment,1,0
t001538,treatment,0,0
t001539,treatment,1,0
t001540,treatment,0,0
t001541,treatment,0,0
t001542,treatment,1,0
t001543,treatment,1,0
t001544,treatment,0,0
t001545,treatment,1,0
t001546,treatment,1,0
t001547,treatment,1,0
t001548,treatment,1,0
t001549,treatment,1,0
t001550,treatment,1,0
t001551,treatment,1,0
t001552,treatment,1,0
t001553,treatment,1,0
t001554,treatment,1,0
t001555,treatment,0,0
t001556,treatment,1,0
t001557,treatment,1,0
t001558,treatment,0,0
t001559,treatment,0,0
t001560,treatment,1,0
t001561,treatment,1,0
t001562,treatment,1,0
t001563,treatment,0,0
t001564,treatment,1,0
t001565,treatment,1,0
t001566,treatment,0,0
t001567,treatment,1,0
t001568,treatment,0,0
t001569,treatment,1,0
t001570,treatment,1,0
t001571,treatment,0,0
t001572,treatment,1,0
t001573,treatment,1,0
t001574,treatment,1,0
t001575,treatment,1,0
t001576,treatment,1,0
t001577,treatment,1,0
t001578,treatment,0,0
t001579,treatment,0,0
t001580,treatment,1,1
t001581,treatment,1,0
t001582,treatment,0,0
t001583,treatment,1,0
t001584,treatment,1,0
t001585,treatment,1,0
t001586,treatment,0,0
t001587,treatment,1,0
t001588,treatment,1,0
t001589,treatment,1,0
t001590,treatment,1,0
t001591,treatment,1,0
t001592,treatment,1,0
t001593,treatment,1,0
t001594,treatment,0,0
t001595,treatment,1,0
t001596,treatment,0,0
t001597,treatment,1,0
t001598,treatment,0,0
t001599,treatment,1,0
t001600,treatment,0,1
t001601,treatment,1,0
t001602,treatment,1,0
t001603,treatment,1,0
t001604,treatment,0,0
t001605,treatment,0,0
t001606,treatment,1,0
t001607,treatment,1,0
t001608,treatment,1,0
t001609,treatment,1,0
t001610,treatment,1,0
t001611,treatment,0,0
t001612,treatment,0,1
t001613,treatment,1,0
t001614,treatment,1,0
t001615,treatment,0,0
t001616,treatment,0,0
t001617,treatment,1,0
t001618,treatment,0,0
t001619,treatment,1,0
t001620,treatment,1,0
t001621,treatment,0,0
t001622,treatment,0,0
t001623,treatment,1,0
t001624,treatment,0,0
t001625,treatment,0,0
t001626,treatment,1,0
t001627,treatment,1,0
t001628,treatment,0,0
t001629,treatment,1,0
t001630,treatment,1,0
t001631,treatment,1,0
t001632,treatment,1,0
t001633,treatment,1,0
t001634,treatment,0,0
t001635,treatment,1,0
t001636,treatment,1,0
t001637,treatment,1,0
t001638,treatment,1,1
t001639,treatment,1,0
t001640,treatment,1,0
t001641,treatment,1,0
t001642,treatment,1,0
t001643,treatment,0,0
t001644,treatment,0,0
t001645,treatment,1,0
t001646,treatment,1,0
t001647,treatment,1,0
t001648,treatment,1,0
t001649,treatment,1,0
t001650,treatment,0,0
t001651,treatment,1,0
t001652,treatment,1,0
t001653,treatment,0,0
t001654,treatment,1,0
t001655,treatment,1,0
t001656,treatment,1,0
t001657,treatment,1,0
t001658,treatment,0,0
t001659,treatment,1,1
t001660,treatment,0,0
t001661,treatment,1,0
t001662,treatment,1,0
t001663,treatment,0,0
t001664,treatment,1,0
t001665,treatment,1,0
t001666,treatment,1,0
t001667,treatment,0,0
t001668,treatment,1,0
t001669,treatment,1,0
t001670,treatment,1,0
t001671,treatment,0,0
t001672,treatment,0,0
t001673,treatment,1,0
t001674,treatment,1,0
t001675,treatment,1,0
t001676,treatment,1,0
t001677,treatment,1,0
t001678,treatment,1,0
t001679,treatment,0,0
t001680,treatment,1,0
t001681,treatment,1,0
t001682,treatment,0,0
t001683,treatment,1,0
t001684,treatment,1,0
t001685,treatment,1,0
t001686,treatment,1,0
t001687,treatment,0,1
t001688,treatment,1,0
t001689,treatment,1,0
t001690,treatment,1,0
t001691,treatment,1,0
t001692,treatment,1,0
t001693,treatment,0,0
t001694,treatment,1,0
t001695,treatment,0,0
t001696,treatment,1,0
t001697,treatment,1,0
t001698,treatment,1,0
t001699,treatment,1,0
t001700,treatment,1,0
t001701,treatment,1,0
t001702,treatment,0,0
t001703,treatment,0,0
t001704,treatment,1,0
t001705,treatment,1,0
t001706,treatment,1,0
t001707,treatment,1,0
t001708,treatment,1,0
t001709,treatment,0,0
t001710,treatment,0,0
t001711,treatment,1,0
t001712,treatment,0,0
t001713,treatment,1,0
t001714,treatment,1,0
t001715,treatment,1,0
t001716,treatment,1,0
t001717,treatment,0,0
t001718,treatment,0,0
t001719,treatment,0,0
t001720,treatment,1,0
t001721,treatment,0,0
t001722,treatment,1,0
t001723,treatment,0,0
t001724,treatment,0,0
t001725,treatment,1,0
t001726,treatment,0,0
t001727,treatment,1,1
t001728,treatment,1,1
t001729,treatment,1,0
t001730,treatment,1,0
t001731,treatment,1,0
t001732,treatment,1,0
t001733,treatment,1,0
t001734,treatment,0,0
t001735,treatment,1,0
t001736,treatment,1,0
t001737,treatment,1,0
t001738,treatment,1,0
t001739,treatment,1,1
t001740,treatment,1,0
t001741,treatment,0,0
t001742,treatment,1,0
t001743,treatment,0,0
t001744,treatment,1,0
t001745,treatment,1,0
t001746,treatment,0,0
t001747,treatment,0,0
t001748,treatment,0,0
t001749,treatment,1,0
t001750,treatment,1,0
t001751,treatment,1,0
t001752,treatment,1,0
t001753,treatment,1,1
t001754,treatment,0,0
t001755,treatment,1,0
t001756,treatment,1,0
t001757,treatment,1,0
t001758,treatment,1,0
t001759,treatment,1,0
t001760,treatment,0,0
t001761,treatment,1,0
t001762,treatment,0,0
t001763,treatment,1,0
t001764,treatment,1,0
t001765,treatment,1,0
t001766,treatment,1,0
t001767,treatment,1,0
t001768,treatment,1,0
t001769,treatment,0,0
t001770,treatment,1,0
t001771,treatment,1,0
t001772,treatment,0,0
t001773,treatment,0,0
t001774,treatment,0,0
t001775,treatment,1,0
t001776,treatment,1,0
t001777,treatment,1,0
t001778,treatment,0,0
t001779,treatment,1,0
t001780,treatment,1,0
t001781,treatment,1,0
t001782,treatment,0,0
t001783,treatment,0,0
t001784,treatment,0,0
t001785,treatment,0,0
t001786,treatment,1,0
t001787,treatment,0,0
t001788,treatment,1,0
t001789,treatment,1,0
t001790,treatment,1,0
t001791,treatment,0,1
t001792,treatment,0,0
t001793,treatment,0,0
t001794,treatment,1,0
t001795,treatment,0,0
t001796,treatment,1,0
t001797,treatment,0,0
t001798,treatment,1,0
t001799,treatment,1,0
t001800,treatment,1,0
t001801,treatment,1,0
t001802,treatment,1,0
t001803,treatment,1,0
t001804,treatment,1,0
t001805,treatment,0,0
t001806,treatment,1,0
t001807,treatment,0,0
t001808,treatment,1,0
t001809,treatment,1,0
t001810,treatment,1,0
t001811,treatment,0,0
t001812,treatment,1,0
t001813,treatment,1,0
t001814,treatment,1,0
t001815,treatment,1,0
t001816,treatment,1,0
t001817,treatment,1,0
t001818,treatment,1,0
t001819,treatment,0,0
t001820,treatment,0,0
t001821,treatment,0,0
t001822,treatment,1,0
t001823,treatment,0,0
t001824,treatment,1,0
t001825,treatment,0,0
t001826,treatment,0,0
t001827,treatment,1,0
t001828,treatment,1,0
t001829,treatment,1,0
t001830,treatment,1,0
t001831,treatment,1,0
t001832,treatment,0,0
t001833,treatment,0,0
t001834,treatment,1,0
t001835,treatment,1,0
t001836,treatment,0,0
t001837,treatment,0,0
t001838,treatment,1,0
t001839,treatment,1,0
t001840,treatment,0,0
t001841,treatment,1,0
t001842,treatment,1,0
t001843,treatment,1,0
t001844,treatment,0,0
t001845,treatment,0,0
t001846,treatment,1,0
t001847,treatment,0,0
t001848,treatment,0,0
t001849,treatment,1,0
t001850,treatment,0,0
t001851,treatment,1,0
t001852,treatment,0,0
t001853,treatment,1,0
t001854,treatment,1,0
t001855,treatment,1,0
t001856,treatment,0,0
t001857,treatment,1,0
t001858,treatment,1,0
t001859,treatment,1,0
t001860,treatment,1,0
t001861,treatment,0,0
t001862,treatment,1,0
t001863,treatment,1,0
t001864,treatment,1,0
t001865,treatment,1,0
t001866,treatment,1,0
t001867,treatment,1,0
t001868,treatment,0,0
t001869,treatment,1,0
t001870,treatment,1,0
t001871,treatment,0,0
t001872,treatment,0,0
t001873,treatment,1,0
t001874,treatment,1,0
t001875,treatment,1,0
t001876,treatment,1,0
t001877,treatment,1,0
t001878,treatment,1,0
t001879,treatment,1,0
t001880,treatment,0,0
t001881,treatment,1,0
t001882,treatment,1,0
t001883,treatment,0,0
t001884,treatment,1,0
t001885,treatment,0,0
t001886,treatment,0,0
t001887,treatment,1,0
t001888,treatment,1,0
t001889,treatment,0,0
t001890,treatment,1,0
t001891,treatment,1,0
t001892,treatment,1,0
t001893,treatment,1,0
t001894,treatment,1,0
t001895,treatment,1,0
t001896,treatment,1,0
t001897,treatment,0,0
t001898,treatment,0,0
t001899,treatment,0,0
t001900,treatment,0,0
t001901,treatment,0,0
t001902,treatment,0,0
t001903,treatment,0,0
t001904,treatment,1,0
t001905,treatment,0,0
t001906,treatment,1,0
t001907,treatment,0,0
t001908,treatment,1,0
t001909,treatment,0,0
t001910,treatment,0,0
t001911,treatment,1,0
t001912,treatment,0,0
t001913,treatment,1,0
t001914,treatment,1,0
t001915,treatment,0,0
t001916,treatment,1,0
t001917,treatment,1,0
t001918,treatment,1,0
t001919,treatment,1,0
t001920,treatment,0,0
t001921,treatment,1,0
t001922,treatment,1,0
t001923,treatment,1,0
t001924,treatment,1,0
t001925,treatment,0,0
t001926,treatment,0,0
t001927,treatment,1,0
t001928,treatment,0,0
t001929,treatment,1,0
t001930,treatment,0,0
t001931,treatment,0,1
t001932,treatment,0,0
t001933,treatment,0,0
t001934,treatment,0,0
t001935,treatment,1,0
t001936,treatment,1,0
t001937,treatment,0,0
t001938,treatment,0,0
t001939,treatment,1,0
t001940,treatment,1,0
t001941,treatment,0,0
t001942,treatment,0,0
t001943,treatment,0,0
t001944,treatment,1,1
t001945,treatment,0,0
t001946,treatment,0,0
t001947,treatment,1,0
t001948,treatment,0,0
t001949,treatment,0,0
t001950,treatment,0,0
t001951,treatment,1,0
t001952,treatment,1,0
t001953,treatment,1,0
t001954,treatment,0,0
t001955,treatment,1,0
t001956,treatment,1,0
t001957,treatment,0,0
t001958,treatment,1,0
t001959,treatment,0,0
t001960,treatment,0,0
t001961,treatment,1,0
t001962,treatment,1,0
t001963,treatment,1,0
t001964,treatment,1,0
t001965,treatment,0,0
t001966,treatment,1,0
t001967,treatment,1,0
t001968,treatment,1,0
t001969,treatment,1,0
t001970,treatment,1,0
t001971,treatment,0,0
t001972,treatment,1,0
t001973,treatment,0,0
t001974,treatment,1,0
t001975,treatment,1,0
t001976,treatment,1,0
t001977,treatment,1,0
t001978,treatment,0,0
t001979,treatment,0,0
t001980,treatment,1,0
t001981,treatment,1,0
t001982,treatment,0,0
t001983,treatment,1,0
t001984,treatment,1,0
t001985,treatment,0,0
t001986,treatment,1,0
t001987,treatment,1,0
t001988,treatment,1,0
t001989,treatment,1,1
t001990,treatment,0,0
t001991,treatment,1,0
t001992,treatment,1,0
t001993,treatment,1,0
t001994,treatment,0,0
t001995,treatment,1,0
t001996,treatment,1,0
t001997,treatment,0,0
t001998,treatment,1,0
t001999,treatment,1,0
t002000,treatment,1,0
t002001,treatment,1,0
t002002,treatment,0,0
t002003,treatment,1,0
t002004,treatment,0,0
t002005,treatment,1,0
t002006,treatment,1,0
t002007,treatment,1,0
t002008,treatment,0,0
t002009,treatment,1,0
t002010,treatment,0,0
t002011,treatment,1,0
t002012,treatment,0,0
t002013,treatment,1,0
t002014,treatment,1,0
t002015,treatment,0,0
t002016,treatment,0,0
t002017,treatment,0,1
t002018,treatment,0,0
t002019,treatment,0,0
t002020,treatment,1,0
t002021,treatment,1,0
t002022,treatment,1,0
t002023,treatment,0,0
t002024,treatment,1,0
t002025,treatment,1,0
t002026,treatment,1,0
t002027,treatment,0,0
t002028,treatment,1,0
t002029,treatment,1,0
t002030,treatment,1,0
t002031,treatment,1,0
t002032,treatment,1,0
t002033,treatment,1,0
t002034,treatment,1,0
t002035,treatment,1,0
t002036,treatment,1,0
t002037,treatment,0,0
t002038,treatment,1,0
t002039,treatment,1,0
t002040,treatment,0,0
t002041,treatment,0,0
t002042,treatment,0,0
t002043,treatment,0,0
t002044,treatment,0,0
t002045,treatment,1,0
t002046,treatment,1,0
t002047,treatment,1,0
t002048,treatment,1,0
t002049,treatment,1,0
t002050,treatment,0,0
t002051,treatment,0,0
t002052,treatment,1,0
t002053,treatment,0,0
t002054,treatment,1,0
t002055,treatment,1,0
t002056,treatment,0,0
t002057,treatment,1,0
t002058,treatment,1,0
t002059,treatment,0,0
t002060,treatment,1,0
t002061,treatment,0,0
t002062,treatment,1,0
t002063,treatment,0,0
t002064,treatment,1,0
t002065,treatment,1,0
t002066,treatment,0,0
t002067,treatment,1,0
t002068,treatment,1,0
t002069,treatment,1,0
t002070,treatment,0,0
t002071,treatment,1,0
t002072,treatment,1,0
t002073,treatment,1,0
t002074,treatment,0,0
t002075,treatment,1,0
t002076,treatment,1,0
t002077,treatment,1,0
t002078,treatment,1,0
t002079,treatment,0,0
t002080,treatment,0,0
t002081,treatment,1,0
t002082,treatment,1,0
t002083,treatment,1,0
t002084,treatment,1,0
t002085,treatment,0,0
t002086,treatment,1,0
t002087,treatment,0,0
t002088,treatment,1,0
t002089,treatment,1,0
t002090,treatment,1,0
t002091,treatment,0,0
t002092,treatment,0,0
t002093,treatment,1,0
t002094,treatment,1,0
t002095,treatment,1,0
t002096,treatment,0,0
t002097,treatment,1,0
t002098,treatment,0,1
t002099,treatment,1,0
t002100,treatment,0,0
t002101,treatment,1,0
t002102,treatment,1,0
t002103,treatment,1,0
t002104,treatment,0,0
t002105,treatment,1,0
t002106,treatment,1,0
t002107,treatment,1,0
t002108,treatment,0,0
t002109,treatment,0,0
t002110,treatment,0,0
t002111,treatment,1,0
t002112,treatment,1,0
t002113,treatment,1,0
t002114,treatment,1,0
t002115,treatment,1,0
t002116,treatment,1,0
t002117,treatment,1,0
t002118,treatment,1,0
t002119,treatment,1,0
t002120,treatment,0,0
t002121,treatment,1,0
t002122,treatment,1,0
t002123,treatment,1,0
t002124,treatment,0,0
t002125,treatment,1,0
t002126,treatment,1,0
t002127,treatment,1,0
t002128,treatment,0,1
t002129,treatment,1,0
t002130,treatment,1,0
t002131,treatment,1,0
t002132,treatment,1,0
t002133,treatment,1,0
t002134,treatment,1,0
t002135,treatment,1,0
t002136,treatment,1,0
t002137,treatment,1,0
t002138,treatment,1,0
t002139,treatment,0,0
t002140,treatment,1,0
t002141,treatment,1,0
t002142,treatment,1,0
t002143,treatment,1,1
t002144,treatment,1,0
t002145,treatment,1,0
t002146,treatment,1,0
t002147,treatment,0,0
t002148,treatment,0,0
t002149,treatment,1,0
t002150,treatment,1,0
t002151,treatment,1,0
t002152,treatment,1,0
t002153,treatment,0,0
t002154,treatment,1,0
t002155,treatment,0,0
t002156,treatment,1,1
t002157,treatment,0,0
t002158,treatment,1,0
t002159,treatment,0,0
t002160,treatment,1,0
t002161,treatment,1,0
t002162,treatment,0,0
t002163,treatment,0,0
t002164,treatment,1,0
t002165,treatment,1,0
t002166,treatment,1,0
t002167,treatment,1,0
t002168,treatment,1,0
t002169,treatment,1,0
t002170,treatment,0,0
t002171,treatment,1,0
t002172,treatment,0,0
t002173,treatment,1,1
t002174,treatment,1,0
t002175,treatment,1,0
t002176,treatment,1,0
t002177,treatment,0,0
t002178,treatment,1,0
t002179,treatment,1,0
t002180,treatment,0,0
t002181,treatment,1,0
t002182,treatment,0,1
t002183,treatment,0,0
t002184,treatment,1,0
t002185,treatment,1,0
t002186,treatment,1,0
t002187,treatment,1,0
t002188,treatment,0,0
t002189,treatment,1,0
t002190,treatment,1,0
t002191,treatment,1,0
t002192,treatment,1,0
t002193,treatment,1,0
t002194,treatment,1,0
t002195,treatment,1,0
t002196,treatment,0,0
t002197,treatment,1,0
t002198,treatment,1,0
t002199,treatment,1,0
t002200,treatment,1,0
t002201,treatment,0,0
t002202,treatment,1,0
t002203,treatment,1,0
t002204,treatment,0,0
t002205,treatment,1,0
t002206,treatment,1,0
t002207,treatment,1,0
t002208,treatment,1,0
t002209,treatment,0,1
t002210,treatment,1,0
t002211,treatment,1,0
t002212,treatment,0,0
t002213,treatment,1,0
t002214,treatment,1,0
t002215,treatment,1,0
t002216,treatment,1,0
t002217,treatment,0,0
t002218,treatment,0,0
t002219,treatment,0,0
t002220,treatment,1,0
t002221,treatment,1,0
t002222,treatment,0,0
t002223,treatment,0,0
t002224,treatment,1,0
t002225,treatment,1,0
t002226,treatment,0,0
t002227,treatment,1,0
t002228,treatment,0,0
t002229,treatment,0,0
t002230,treatment,1,0
t002231,treatment,1,0
t002232,treatment,1,0
t002233,treatment,1,0
t002234,treatment,0,0
t002235,treatment,1,0
t002236,treatment,1,0
t002237,treatment,1,0
t002238,treatment,1,0
t002239,treatment,1,0
t002240,treatment,1,0
t002241,treatment,0,0
t002242,treatment,1,0
t002243,treatment,0,0
t002244,treatment,0,0
t002245,treatment,0,1
t002246,treatment,1,0
t002247,treatment,1,0
t002248,treatment,1,0
t002249,treatment,0,0
t002250,treatment,0,0
t002251,treatment,0,0
t002252,treatment,1,0
t002253,treatment,1,0
t002254,treatment,1,0
t002255,treatment,0,0
t002256,treatment,1,0
t002257,treatment,0,0
t002258,treatment,0,0
t002259,treatment,1,0
t002260,treatment,1,0
t002261,treatment,0,0
t002262,treatment,1,0
t002263,treatment,1,0
t002264,treatment,1,0
t002265,treatment,1,0
t002266,treatment,1,0
t002267,treatment,1,0
t002268,treatment,1,1
t002269,treatment,0,0
t002270,treatment,1,0
t002271,treatment,1,0
t002272,treatment,0,0
t002273,treatment,0,0
t002274,treatment,1,0
t002275,treatment,1,0
t002276,treatment,1,0
t002277,treatment,1,0
t002278,treatment,1,0
t002279,treatment,1,0
t002280,treatment,0,0
t002281,treatment,1,0
t002282,treatment,0,0
t002283,treatment,1,0
t002284,treatment,0,0
t002285,treatment,0,0
t002286,treatment,1,0
t002287,treatment,0,0
t002288,treatment,1,0
t002289,treatment,0,0
t002290,treatment,1,0
t002291,treatment,1,0
t002292,treatment,1,0
t002293,treatment,1,0
t002294,treatment,1,0
t002295,treatment,1,0
t002296,treatment,0,0
t002297,treatment,1,0
t002298,treatment,1,0
t002299,treatment,0,0
t002300,treatment,1,0
t002301,treatment,0,0
t002302,treatment,0,0
t002303,treatment,0,0
t002304,treatment,1,0
t002305,treatment,1,0
t002306,treatment,1,0
t002307,treatment,0,0
t002308,treatment,0,0
t002309,treatment,1,0
t002310,treatment,1,1
t002311,treatment,1,0
t002312,treatment,1,0
t002313,treatment,0,0
t002314,treatment,1,0
t002315,treatment,1,0
t002316,treatment,1,0
t002317,treatment,1,0
t002318,treatment,0,0
t002319,treatment,1,0
t002320,treatment,1,0
t002321,treatment,1,0
t002322,treatment,0,0
t002323,treatment,0,0
t002324,treatment,0,0
t002325,treatment,0,0
t002326,treatment,0,0
t002327,treatment,0,0
t002328,treatment,1,0
t002329,treatment,0,0
t002330,treatment,1,0
t002331,treatment,1,0
t002332,treatment,1,0
t002333,treatment,0,0
t002334,treatment,0,0
t002335,treatment,1,0
t002336,treatment,0,0
t002337,treatment,1,0
t002338,treatment,1,0
t002339,treatment,1,1
t002340,treatment,1,0
t002341,treatment,0,0
t002342,treatment,1,0
t002343,treatment,0,0
t002344,treatment,0,0
t002345,treatment,0,0
t002346,treatment,1,0
t002347,treatment,1,0
t002348,treatment,1,0
t002349,treatment,0,0
t002350,treatment,1,0
t002351,treatment,1,0
t002352,treatment,0,0
t002353,treatment,1,0
t002354,treatment,1,1
t002355,treatment,0,0
t002356,treatment,1,0
t002357,treatment,0,0
t002358,treatment,0,0
t002359,treatment,0,0
t002360,treatment,1,0
t002361,treatment,1,0
t002362,treatment,1,0
t002363,treatment,0,0
t002364,treatment,0,0
t002365,treatment,1,0
t002366,treatment,0,0
t002367,treatment,1,0
t002368,treatment,0,0
t002369,treatment,0,0
t002370,treatment,1,0
t002371,treatment,1,0
t002372,treatment,1,0
t002373,treatment,0,0
t002374,treatment,1,0
t002375,treatment,1,0
t002376,treatment,1,0
t002377,treatment,1,0
t002378,treatment,1,0
t002379,treatment,0,0
t002380,treatment,1,0
t002381,treatment,1,0
t002382,treatment,0,0
t002383,treatment,0,0
t002384,treatment,0,0
t002385,treatment,1,0
t002386,treatment,1,0
t002387,treatment,1,0
t002388,treatment,1,0
t002389,treatment,1,1
t002390,treatment,1,0
t002391,treatment,0,0
t002392,treatment,1,0
t002393,treatment,1,0
t002394,treatment,0,0
t002395,treatment,0,0
t002396,treatment,1,0
t002397,treatment,1,0
t002398,treatment,1,0
t002399,treatment,1,0
t002400,treatment,1,0
t002401,treatment,0,0
t002402,treatment,0,0
t002403,treatment,0,0
t002404,treatment,1,0
t002405,treatment,1,0
t002406,treatment,0,0
t002407,treatment,0,0
t002408,treatment,1,0
t002409,treatment,0,0
t002410,treatment,1,0
t002411,treatment,0,0
t002412,treatment,0,1
t002413,treatment,0,0
t002414,treatment,1,0
t002415,treatment,1,0
t002416,treatment,1,0
t002417,treatment,1,0
t002418,treatment,0,0
t002419,treatment,1,0
t002420,treatment,0,0
t002421,treatment,1,0
t002422,treatment,1,0
t002423,treatment,0,0
t002424,treatment,1,0
t002425,treatment,1,0
t002426,treatment,1,0
t002427,treatment,1,0
t002428,treatment,1,0
t002429,treatment,1,0
t002430,treatment,1,0
t002431,treatment,0,0
t002432,treatment,0,0
t002433,treatment,1,0
t002434,treatment,1,0
t002435,treatment,1,0
t002436,treatment,1,0
t002437,treatment,0,0
t002438,treatment,0,0
t002439,treatment,0,0
t002440,treatment,1,0
t002441,treatment,1,0
t002442,treatment,1,0
t002443,treatment,0,0
t002444,treatment,1,0
t002445,treatment,1,0
t002446,treatment,1,0
t002447,treatment,0,0
t002448,treatment,1,0
t002449,treatment,1,0
t002450,treatment,1,0
t002451,treatment,0,0
t002452,treatment,0,0
t002453,treatment,1,0
t002454,treatment,0,0
t002455,treatment,1,0
t002456,treatment,1,0
t002457,treatment,1,0
t002458,treatment,1,0
t002459,treatment,1,0
t002460,treatment,1,0
t002461,treatment,1,0
t002462,treatment,0,0
t002463,treatment,1,0
t002464,treatment,0,0
t002465,treatment,0,0
t002466,treatment,1,0
t002467,treatment,1,0
t002468,treatment,1,0
t002469,treatment,1,0
t002470,treatment,1,0
t002471,treatment,1,0
t002472,treatment,1,0
t002473,treatment,0,0
t002474,treatment,1,0
t002475,treatment,1,0
t002476,treatment,1,0
t002477,treatment,0,0
t002478,treatment,1,0
t002479,treatment,1,0
t002480,treatment,1,0
t002481,treatment,0,0
t002482,treatment,1,0
t002483,treatment,1,0
t002484,treatment,1,0
t002485,treatment,1,0
t002486,treatment,0,0
t002487,treatment,1,0
t002488,treatment,1,0
t002489,treatment,1,0
t002490,treatment,1,0
t002491,treatment,1,0
t002492,treatment,1,0
t002493,treatment,1,0
t002494,treatment,1,0
t002495,treatment,1,0
t002496,treatment,0,0
t002497,treatment,1,0
t002498,treatment,0,0
t002499,treatment,1,0
t002500,treatment,0,0
t002501,treatment,1,0
t002502,treatment,0,0
t002503,treatment,1,0
t002504,treatment,1,0
t002505,treatment,1,0
t002506,treatment,0,0
t002507,treatment,0,0
t002508,treatment,1,0
t002509,treatment,1,0
t002510,treatment,1,0
t002511,treatment,0,0
t002512,treatment,1,0
t002513,treatment,1,0
t002514,treatment,0,0
t002515,treatment,0,1
t002516,treatment,0,0
t002517,treatment,0,0
t002518,treatment,1,0
t002519,treatment,0,0
t002520,treatment,1,0
t002521,treatment,0,1
t002522,treatment,1,0
t002523,treatment,0,0
t002524,treatment,1,0
t002525,treatment,1,0
t002526,treatment,0,0
t002527,treatment,0,0
t002528,treatment,1,0
t002529,treatment,1,0
t002530,treatment,0,0
t002531,treatment,1,0
t002532,treatment,1,0
t002533,treatment,1,0
t002534,treatment,0,0
t002535,treatment,1,0
t002536,treatment,1,0
t002537,treatment,1,0
t002538,treatment,1,0
t002539,treatment,0,0
t002540,treatment,1,0
t002541,treatment,0,0
t002542,treatment,1,0
t002543,treatment,0,0
t002544,treatment,0,0
t002545,treatment,1,0
t002546,treatment,1,1
t002547,treatment,1,0
t002548,treatment,1,0
t002549,treatment,1,0
t002550,treatment,1,0
t002551,treatment,1,0
t002552,treatment,1,0
t002553,treatment,0,0
t002554,treatment,1,0
t002555,treatment,0,0
t002556,treatment,1,0
t002557,treatment,1,0
t002558,treatment,1,0
t002559,treatment,1,0
t002560,treatment,0,0
t002561,treatment,1,0
t002562,treatment,1,0
t002563,treatment,0,0
t002564,treatment,0,1
t002565,treatment,1,0
t002566,treatment,1,0
t002567,treatment,0,0
t002568,treatment,0,0
t002569,treatment,0,0
t002570,treatment,0,0
t002571,treatment,0,0
t002572,treatment,0,0
t002573,treatment,0,0
t002574,treatment,1,0
t002575,treatment,0,0
t002576,treatment,0,0
t002577,treatment,1,0
t002578,treatment,1,0
t002579,treatment,0,0
t002580,treatment,1,0
t002581,treatment,1,0
t002582,treatment,1,0
t002583,treatment,1,0
t002584,treatment,1,0
t002585,treatment,1,0
t002586,treatment,1,0
t002587,treatment,1,0
t002588,treatment,1,0
t002589,treatment,1,0
t002590,treatment,1,0
t002591,treatment,1,0
t002592,treatment,1,0
t002593,treatment,1,0
t002594,treatment,0,0
t002595,treatment,0,0
t002596,treatment,1,0
t002597,treatment,0,0
t002598,treatment,0,0
t002599,treatment,0,0
t002600,treatment,1,0
t002601,treatment,1,0
t002602,treatment,0,0
t002603,treatment,1,0
t002604,treatment,1,0
t002605,treatment,0,0
t002606,treatment,0,0
t002607,treatment,1,0
t002608,treatment,1,0
t002609,treatment,1,0
t002610,treatment,0,0
t002611,treatment,1,0
t002612,treatment,0,0
t002613,treatment,0,0
t002614,treatment,1,0
t002615,treatment,1,0
t002616,treatment,1,0
t002617,treatment,1,0
t002618,treatment,0,0
t002619,treatment,0,0
t002620,treatment,1,0
t002621,treatment,1,0
t002622,treatment,1,0
t002623,treatment,1,0
t002624,treatment,0,0
t002625,treatment,0,0
t002626,treatment,1,0
t002627,treatment,1,0
t002628,treatment,1,0
t002629,treatment,1,0
t002630,treatment,0,0
t002631,treatment,1,0
t002632,treatment,1,0
t002633,treatment,0,0
t002634,treatment,1,0
t002635,treatment,0,0
t002636,treatment,1,0
t002637,treatment,1,0
t002638,treatment,1,0
t002639,treatment,1,0
t002640,treatment,0,0
t002641,treatment,1,0
t002642,treatment,1,0
t002643,treatment,0,0
t002644,treatment,1,0
t002645,treatment,0,0
t002646,treatment,1,0
t002647,treatment,1,0
t002648,treatment,0,0
t002649,treatment,1,0
t002650,treatment,0,0
t002651,treatment,1,0
t002652,treatment,0,0
t002653,treatment,0,1
t002654,treatment,1,0
t002655,treatment,1,0
t002656,treatment,1,0
t002657,treatment,0,0
t002658,treatment,0,0
t002659,treatment,0,0
t002660,treatment,1,0
t002661,treatment,0,0
t002662,treatment,1,0
t002663,treatment,0,0
t002664,treatment,1,0
t002665,treatment,1,0
t002666,treatment,1,0
t002667,treatment,0,0
t002668,treatment,1,0
t002669,treatment,1,0
t002670,treatment,0,0
t002671,treatment,1,0
t002672,treatment,0,0
t002673,treatment,1,0
t002674,treatment,0,0
t002675,treatment,1,0
t002676,treatment,0,0
t002677,treatment,0,0
t002678,treatment,0,0
t002679,treatment,0,0
t002680,treatment,0,0
t002681,treatment,0,0
t002682,treatment,1,0
t002683,treatment,1,0
t002684,treatment,1,0
t002685,treatment,1,0
t002686,treatment,1,0
t002687,treatment,1,0
t002688,treatment,0,0
t002689,treatment,1,0
t002690,treatment,1,0
t002691,treatment,1,0
t002692,treatment,1,0
t002693,treatment,0,0
t002694,treatment,0,0
t002695,treatment,0,0
t002696,treatment,1,0
t002697,treatment,0,0
t002698,treatment,1,0
t002699,treatment,1,0
t002700,treatment,1,0
t002701,treatment,1,0
t002702,treatment,0,0
t002703,treatment,0,0
t002704,treatment,0,0
t002705,treatment,1,0
t002706,treatment,1,0
t002707,treatment,1,0
t002708,treatment,0,0
t002709,treatment,1,0
t002710,treatment,1,0
t002711,treatment,1,0
t002712,treatment,0,0
t002713,treatment,1,0
t002714,treatment,0,0
t002715,treatment,1,0
t002716,treatment,1,0
t002717,treatment,0,0
t002718,treatment,0,0
t002719,treatment,1,0
t002720,treatment,1,0
t002721,treatment,0,0
t002722,treatment,1,0
t002723,treatment,1,0
t002724,treatment,1,0
t002725,treatment,1,0
t002726,treatment,1,0
t002727,treatment,1,0
t002728,treatment,1,0
t002729,treatment,0,0
t002730,treatment,1,0
t002731,treatment,1,0
t002732,treatment,1,0
t002733,treatment,0,0
t002734,treatment,1,0
t002735,treatment,0,0
t002736,treatment,1,0
t002737,treatment,0,0
t002738,treatment,0,0
t002739,treatment,1,0
t002740,treatment,1,0
t002741,treatment,0,0
t002742,treatment,1,0
t002743,treatment,1,0
t002744,treatment,0,0
t002745,treatment,1,0
t002746,treatment,1,0
t002747,treatment,1,0
t002748,treatment,0,0
t002749,treatment,1,0
t002750,treatment,1,0
t002751,treatment,1,0
t002752,treatment,1,0
t002753,treatment,1,0
t002754,treatment,0,0
t002755,treatment,0,0
t002756,treatment,0,0
t002757,treatment,1,0
t002758,treatment,1,0
t002759,treatment,0,0
t002760,treatment,0,0
t002761,treatment,0,0
t002762,treatment,1,0
t002763,treatment,0,0
t002764,treatment,0,0
t002765,treatment,1,0
t002766,treatment,1,0
t002767,treatment,1,0
t002768,treatment,1,0
t002769,treatment,1,0
t002770,treatment,1,0
t002771,treatment,0,0
t002772,treatment,0,0
t002773,treatment,0,0
t002774,treatment,1,0
t002775,treatment,1,0
t002776,treatment,1,0
t002777,treatment,0,0
t002778,treatment,1,0
t002779,treatment,1,0
t002780,treatment,1,0
t002781,treatment,1,0
t002782,treatment,1,0
t002783,treatment,1,0
t002784,treatment,0,0
t002785,treatment,0,0
t002786,treatment,0,0
t002787,treatment,1,0
t002788,treatment,1,0
t002789,treatment,0,0
t002790,treatment,0,0
t002791,treatment,1,0
t002792,treatment,1,0
t002793,treatment,0,0
t002794,treatment,1,0
t002795,treatment,1,0
t002796,treatment,0,0
t002797,treatment,0,0
t002798,treatment,1,0
t002799,treatment,1,0
t002800,treatment,1,0
t002801,treatment,0,0
t002802,treatment,1,0
t002803,treatment,1,0
t002804,treatment,1,0
t002805,treatment,1,0
t002806,treatment,1,0
t002807,treatment,1,0
t002808,treatment,1,0
t002809,treatment,1,0
t002810,treatment,1,0
t002811,treatment,1,0
t002812,treatment,0,0
t002813,treatment,1,0
t002814,treatment,1,0
t002815,treatment,0,0
t002816,treatment,1,0
t002817,treatment,0,0
t002818,treatment,1,0
t002819,treatment,0,0
t002820,treatment,1,1
t002821,treatment,0,0
t002822,treatment,1,0
t002823,treatment,0,0
t002824,treatment,1,0
t002825,treatment,0,0
t002826,treatment,0,1
t002827,treatment,0,0
t002828,treatment,0,0
t002829,treatment,0,0
t002830,treatment,1,0
t002831,treatment,1,0
t002832,treatment,1,0
t002833,treatment,1,0
t002834,treatment,0,0
t002835,treatment,0,0
t002836,treatment,0,0
t002837,treatment,1,0
t002838,treatment,1,0
t002839,treatment,0,0
t002840,treatment,0,0
t002841,treatment,0,0
t002842,treatment,1,0
t002843,treatment,1,0
t002844,treatment,1,0
t002845,treatment,1,0
t002846,treatment,1,0
t002847,treatment,1,0
t002848,treatment,0,0
t002849,treatment,0,0
t002850,treatment,1,0
t002851,treatment,0,0
t002852,treatment,1,0
t002853,treatment,1,0
t002854,treatment,0,0
t002855,treatment,1,0
t002856,treatment,1,0
t002857,treatment,1,0
t002858,treatment,1,0
t002859,treatment,1,0
t002860,treatment,1,0
t002861,treatment,1,0
t002862,treatment,1,0
t002863,treatment,0,0
t002864,treatment,1,0
t002865,treatment,0,0
t002866,treatment,0,0
t002867,treatment,1,0
t002868,treatment,1,0
t002869,treatment,1,0
t002870,treatment,0,0
t002871,treatment,1,0
t002872,treatment,1,0
t002873,treatment,1,0
t002874,treatment,1,0
t002875,treatment,0,0
t002876,treatment,1,0
t002877,treatment,1,0
t002878,treatment,1,0
t002879,treatment,0,0
t002880,treatment,1,0
t002881,treatment,1,0
t002882,treatment,0,0
t002883,treatment,1,0
t002884,treatment,1,0
t002885,treatment,0,0
t002886,treatment,1,0
t002887,treatment,1,0
t002888,treatment,1,0
t002889,treatment,1,0
t002890,treatment,1,0
t002891,treatment,0,0
t002892,treatment,1,0
t002893,treatment,0,0
t002894,treatment,0,0
t002895,treatment,1,0
t002896,treatment,1,0
t002897,treatment,1,0
t002898,treatment,1,0
t002899,treatment,0,0
t002900,treatment,0,0
t002901,treatment,1,0
t002902,treatment,1,0
t002903,treatment,1,0
t002904,treatment,0,0
t002905,treatment,1,0
t002906,treatment,1,0
t002907,treatment,0,0
t002908,treatment,0,0
t002909,treatment,1,0
t002910,treatment,0,0
t002911,treatment,1,0
t002912,treatment,1,0
t002913,treatment,1,0
t002914,treatment,0,0
t002915,treatment,0,0
t002916,treatment,0,0
t002917,treatment,1,0
t002918,treatment,1,0
t002919,treatment,1,0
t002920,treatment,1,0
t002921,treatment,0,0
t002922,treatment,0,0
t002923,treatment,1,0
t002924,treatment,0,0
t002925,treatment,0,0
t002926,treatment,0,0
t002927,treatment,1,0
t002928,treatment,1,0
t002929,treatment,1,0
t002930,treatment,0,0
t002931,treatment,0,0
t002932,treatment,1,0
t002933,treatment,1,0
t002934,treatment,0,0
t002935,treatment,1,0
t002936,treatment,1,0
t002937,treatment,1,0
t002938,treatment,1,0
t002939,treatment,1,0
t002940,treatment,1,0
t002941,treatment,0,0
t002942,treatment,0,0
t002943,treatment,1,0
t002944,treatment,0,0
t002945,treatment,1,0
t002946,treatment,0,1
t002947,treatment,0,0
t002948,treatment,0,0
t002949,treatment,0,0
t002950,treatment,1,1
t002951,treatment,0,1
t002952,treatment,1,0
t002953,treatment,1,0
t002954,treatment,0,0
t002955,treatment,0,0
t002956,treatment,0,0
t002957,treatment,0,0
t002958,treatment,1,0
t002959,treatment,0,0
t002960,treatment,0,0
t002961,treatment,1,0
t002962,treatment,0,0
t002963,treatment,0,0
t002964,treatment,0,0
t002965,treatment,1,0
t002966,treatment,1,0
t002967,treatment,0,0
t002968,treatment,1,0
t002969,treatment,1,0
t002970,treatment,1,0
t002971,treatment,1,0
t002972,treatment,1,0
t002973,treatment,1,0
t002974,treatment,1,0
t002975,treatment,1,0
t002976,treatment,0,0
t002977,treatment,1,0
t002978,treatment,1,0
t002979,treatment,1,0
t002980,treatment,1,0
t002981,treatment,1,0
t002982,treatment,1,0
t002983,treatment,1,0
t002984,treatment,0,0
t002985,treatment,0,0
t002986,treatment,0,0
t002987,treatment,0,0
t002988,treatment,0,0
t002989,treatment,1,0
t002990,treatment,1,0
t002991,treatment,0,0
t002992,treatment,0,0
t002993,treatment,1,0
t002994,treatment,1,0
t002995,treatment,0,0
t002996,treatment,1,0
t002997,treatment,1,0
t002998,treatment,0,0
t002999,treatment,1,0
t003000,treatment,1,0
t003001,treatment,1,0
t003002,treatment,1,0
t003003,treatment,1,0
t003004,treatment,1,0
t003005,treatment,1,0
t003006,treatment,1,0
t003007,treatment,0,0
t003008,treatment,0,0
t003009,treatment,0,0
t003010,treatment,1,0
t003011,treatment,1,0
t003012,treatment,0,0
t003013,treatment,1,0
t003014,treatment,0,0
t003015,treatment,1,0
t003016,treatment,1,0
t003017,treatment,1,0
t003018,treatment,1,0
t003019,treatment,1,0
t003020,treatment,1,0
t003021,treatment,0,1
t003022,treatment,1,0
t003023,treatment,0,0
t003024,treatment,1,0
t003025,treatment,1,0
t003026,treatment,0,0
t003027,treatment,1,0
t003028,treatment,0,0
t003029,treatment,0,0
t003030,treatment,0,0
t003031,treatment,1,0
t003032,treatment,0,0
t003033,treatment,1,0
t003034,treatment,1,0
t003035,treatment,1,0
t003036,treatment,1,1
t003037,treatment,1,0
t003038,treatment,0,0
t003039,treatment,0,0
t003040,treatment,1,0
t003041,treatment,1,0
t003042,treatment,1,0
t003043,treatment,1,0
t003044,treatment,1,0
t003045,treatment,1,0
t003046,treatment,1,0
t003047,treatment,1,1
t003048,treatment,1,0
t003049,treatment,0,0
t003050,treatment,1,0
t003051,treatment,1,0
t003052,treatment,0,0
t003053,treatment,1,0
t003054,treatment,0,0
t003055,treatment,1,0
t003056,treatment,1,0
t003057,treatment,1,0
t003058,treatment,0,0
t003059,treatment,1,0
t003060,treatment,0,0
t003061,treatment,0,0
t003062,treatment,0,0
t003063,treatment,1,0
t003064,treatment,1,0
t003065,treatment,0,0
t003066,treatment,1,0
t003067,treatment,0,0
t003068,treatment,1,0
t003069,treatment,1,0
t003070,treatment,1,0
t003071,treatment,1,0
t003072,treatment,1,0
t003073,treatment,0,0
t003074,treatment,1,0
t003075,treatment,0,0
t003076,treatment,0,0
t003077,treatment,0,0
t003078,treatment,0,0
t003079,treatment,0,0
t003080,treatment,1,0
t003081,treatment,0,0
t003082,treatment,1,0
t003083,treatment,1,0
t003084,treatment,0,0
t003085,treatment,1,0
t003086,treatment,1,0
t003087,treatment,1,0
t003088,treatment,1,0
t003089,treatment,0,0
t003090,treatment,0,0
t003091,treatment,1,0
t003092,treatment,1,0
t003093,treatment,1,0
t003094,treatment,1,0
t003095,treatment,1,0
t003096,treatment,1,0
t003097,treatment,1,0
t003098,treatment,1,0
t003099,treatment,1,0
t003100,treatment,1,0
t003101,treatment,0,0
t003102,treatment,0,0
t003103,treatment,0,0
t003104,treatment,1,0
t003105,treatment,1,0
t003106,treatment,0,0
t003107,treatment,0,0
t003108,treatment,1,0
t003109,treatment,0,0
t003110,treatment,1,0
t003111,treatment,1,0
t003112,treatment,1,0
t003113,treatment,1,0
t003114,treatment,1,0
t003115,treatment,0,0
t003116,treatment,0,0
t003117,treatment,1,0
t003118,treatment,1,0
t003119,treatment,1,0
t003120,treatment,1,0
t003121,treatment,1,0
t003122,treatment,0,0
t003123,treatment,1,0
t003124,treatment,1,0
t003125,treatment,1,0
t003126,treatment,1,0
t003127,treatment,0,0
t003128,treatment,1,0
t003129,treatment,0,0
t003130,treatment,1,0
t003131,treatment,0,0
t003132,treatment,0,1
t003133,treatment,1,0
t003134,treatment,1,0
t003135,treatment,0,0
t003136,treatment,1,0
t003137,treatment,0,0
t003138,treatment,0,0
t003139,treatment,1,0
t003140,treatment,1,0
t003141,treatment,0,0
t003142,treatment,1,0
t003143,treatment,1,0
t003144,treatment,1,0
t003145,treatment,1,0
t003146,treatment,1,0
t003147,treatment,1,0
t003148,treatment,0,1
t003149,treatment,0,0
t003150,treatment,1,0
t003151,treatment,0,0
t003152,treatment,1,0
t003153,treatment,0,0
t003154,treatment,1,0
t003155,treatment,0,0
t003156,treatment,1,0
t003157,treatment,0,0
t003158,treatment,1,0
t003159,treatment,1,0
t003160,treatment,0,0
t003161,treatment,1,0
t003162,treatment,1,0
t003163,treatment,1,0
t003164,treatment,0,0
t003165,treatment,0,0
t003166,treatment,0,0
t003167,treatment,1,0
t003168,treatment,0,0
t003169,treatment,1,0
t003170,treatment,1,0
t003171,treatment,0,0
t003172,treatment,0,0
t003173,treatment,1,0
t003174,treatment,1,0
t003175,treatment,1,0
t003176,treatment,0,0
t003177,treatment,0,0
t003178,treatment,1,0
t003179,treatment,1,0
t003180,treatment,1,0
t003181,treatment,1,0
t003182,treatment,0,0
t003183,treatment,1,0
t003184,treatment,0,0
t003185,treatment,1,0
t003186,treatment,0,0
t003187,treatment,0,0
t003188,treatment,0,0
t003189,treatment,0,0
t003190,treatment,1,0
t003191,treatment,1,0
t003192,treatment,0,0
t003193,treatment,1,0
t003194,treatment,0,0
t003195,treatment,0,0
t003196,treatment,1,0
t003197,treatment,1,0
t003198,treatment,1,0
t003199,treatment,1,0
t003200,treatment,1,1
t003201,treatment,1,0
t003202,treatment,1,0
t003203,treatment,1,0
t003204,treatment,1,0
t003205,treatment,0,0
t003206,treatment,0,0
t003207,treatment,1,0
t003208,treatment,1,0
t003209,treatment,1,0
t003210,treatment,0,0
t003211,treatment,1,0
t003212,treatment,1,0
t003213,treatment,1,0
t003214,treatment,0,0
t003215,treatment,1,0
t003216,treatment,1,0
t003217,treatment,1,0
t003218,treatment,0,0
t003219,treatment,0,0
t003220,treatment,1,0
t003221,treatment,1,0
t003222,treatment,0,0
t003223,treatment,0,0
t003224,treatment,0,0
t003225,treatment,1,0
t003226,treatment,1,0
t003227,treatment,1,0
t003228,treatment,0,0
t003229,treatment,1,0
t003230,treatment,1,0
t003231,treatment,1,0
t003232,treatment,1,0
t003233,treatment,1,0
t003234,treatment,0,0
t003235,treatment,0,0
t003236,treatment,1,0
t003237,treatment,1,0
t003238,treatment,0,0
t003239,treatment,1,0
t003240,treatment,1,0
t003241,treatment,0,0
t003242,treatment,0,0
t003243,treatment,0,0
t003244,treatment,0,0
t003245,treatment,0,0
t003246,treatment,0,0
t003247,treatment,1,0
t003248,treatment,1,0
t003249,treatment,1,0
t003250,treatment,1,0
t003251,treatment,1,0
t003252,treatment,0,0
t003253,treatment,1,0
t003254,treatment,0,0
t003255,treatment,1,0
t003256,treatment,0,0
t003257,treatment,1,0
t003258,treatment,1,0
t003259,treatment,0,0
t003260,treatment,1,0
t003261,treatment,1,0
t003262,treatment,1,0
t003263,treatment,0,0
t003264,treatment,1,0
t003265,treatment,0,0
t003266,treatment,1,0
t003267,treatment,1,0
t003268,treatment,1,0
t003269,treatment,1,0
t003270,treatment,0,0
t003271,treatment,1,0
t003272,treatment,1,0
t003273,treatment,1,0
t003274,treatment,1,0
t003275,treatment,1,0
t003276,treatment,1,0
t003277,treatment,0,0
t003278,treatment,0,0
t003279,treatment,1,0
t003280,treatment,0,0
t003281,treatment,1,0
t003282,treatment,1,0
t003283,treatment,0,0
t003284,treatment,0,0
t003285,treatment,1,0
t003286,treatment,1,0
t003287,treatment,1,0
t003288,treatment,1,0
t003289,treatment,0,0
t003290,treatment,0,0
t003291,treatment,1,0
t003292,treatment,0,0
t003293,treatment,0,0
t003294,treatment,1,0
t003295,treatment,1,0
t003296,treatment,1,0
t003297,treatment,1,0
t003298,treatment,0,0
t003299,treatment,0,0
t003300,treatment,1,0
t003301,treatment,1,0
t003302,treatment,0,0
t003303,treatment,1,0
t003304,treatment,0,0
t003305,treatment,1,0
t003306,treatment,1,0
t003307,treatment,1,0
t003308,treatment,1,0
t003309,treatment,1,0
t003310,treatment,1,0
t003311,treatment,1,0
t003312,treatment,1,0
t003313,treatment,0,0
t003314,treatment,0,0
t003315,treatment,0,0
t003316,treatment,0,0
t003317,treatment,1,0
t003318,treatment,0,0
t003319,treatment,1,0
t003320,treatment,1,0
t003321,treatment,1,0
t003322,treatment,0,0
t003323,treatment,0,0
t003324,treatment,0,0
t003325,treatment,0,0
t003326,treatment,1,0
t003327,treatment,1,0
t003328,treatment,0,0
t003329,treatment,1,0
t003330,treatment,1,0
t003331,treatment,0,0
t003332,treatment,0,0
t003333,treatment,0,0
t003334,treatment,1,0
t003335,treatment,1,0
t003336,treatment,1,0
t003337,treatment,1,0
t003338,treatment,0,0
t003339,treatment,0,0
t003340,treatment,1,0
t003341,treatment,1,0
t003342,treatment,1,0
t003343,treatment,1,0
t003344,treatment,1,0
t003345,treatment,0,0
t003346,treatment,1,0
t003347,treatment,1,0
t003348,treatment,1,0
t003349,treatment,1,0
t003350,treatment,0,0
t003351,treatment,1,0
t003352,treatment,0,0
t003353,treatment,0,0
t003354,treatment,0,0
t003355,treatment,1,1
t003356,treatment,1,0
t003357,treatment,0,0
t003358,treatment,1,0
t003359,treatment,1,0
t003360,treatment,0,0
t003361,treatment,1,0
t003362,treatment,0,0
t003363,treatment,1,0
t003364,treatment,1,0
t003365,treatment,1,0
t003366,treatment,1,1
t003367,treatment,1,0
t003368,treatment,1,0
t003369,treatment,1,0
t003370,treatment,1,0
t003371,treatment,0,0
t003372,treatment,0,0
t003373,treatment,1,0
t003374,treatment,1,0
t003375,treatment,1,0
t003376,treatment,1,0
t003377,treatment,1,0
t003378,treatment,1,0
t003379,treatment,1,0
t003380,treatment,1,0
t003381,treatment,1,0
t003382,treatment,1,0
t003383,treatment,1,0
t003384,treatment,1,0
t003385,treatment,1,0
t003386,treatment,1,0
t003387,treatment,1,0
t003388,treatment,1,0
t003389,treatment,1,0
t003390,treatment,1,0
t003391,treatment,1,0
t003392,treatment,1,0
t003393,treatment,0,0
t003394,treatment,1,0
t003395,treatment,1,0
t003396,treatment,1,0
t003397,treatment,0,0
t003398,treatment,0,0
t003399,treatment,1,0
t003400,treatment,1,0
t003401,treatment,1,0
t003402,treatment,0,0
t003403,treatment,1,0
t003404,treatment,1,0
t003405,treatment,0,0
t003406,treatment,0,0
t003407,treatment,1,0
t003408,treatment,1,0
t003409,treatment,0,0
t003410,treatment,1,0
t003411,treatment,1,0
t003412,treatment,1,0
t003413,treatment,0,0
t003414,treatment,1,0
t003415,treatment,1,0
t003416,treatment,1,0
t003417,treatment,1,0
t003418,treatment,1,0
t003419,treatment,1,0
t003420,treatment,1,0
t003421,treatment,1,0
t003422,treatment,1,0
t003423,treatment,1,0
t003424,treatment,1,0
t003425,treatment,0,1
t003426,treatment,0,0
t003427,treatment,0,0
t003428,treatment,0,0
t003429,treatment,1,0
t003430,treatment,1,0
t003431,treatment,1,0
t003432,treatment,1,0
t003433,treatment,0,0
t003434,treatment,1,0
t003435,treatment,1,0
t003436,treatment,0,0
t003437,treatment,1,0
t003438,treatment,0,0
t003439,treatment,1,0
t003440,treatment,0,0
t003441,treatment,1,0
t003442,treatment,1,0
t003443,treatment,1,0
t003444,treatment,1,0
t003445,treatment,1,0
t003446,treatment,1,0
t003447,treatment,1,0
t003448,treatment,0,0
t003449,treatment,0,0
t003450,treatment,0,0
t003451,treatment,1,0
t003452,treatment,0,0
t003453,treatment,1,0
t003454,treatment,1,0
t003455,treatment,1,0
t003456,treatment,1,0
t003457,treatment,1,0
t003458,treatment,1,0
t003459,treatment,1,0
t003460,treatment,1,0
t003461,treatment,1,0
t003462,treatment,0,0
t003463,treatment,1,0
t003464,treatment,1,0
t003465,treatment,0,1
t003466,treatment,1,0
t003467,treatment,1,0
t003468,treatment,0,0
t003469,treatment,1,0
t003470,treatment,1,0
t003471,treatment,1,0
t003472,treatment,1,0
t003473,treatment,0,0
t003474,treatment,1,0
t003475,treatment,1,0
t003476,treatment,1,0
t003477,treatment,1,0
t003478,treatment,1,0
t003479,treatment,1,0
t003480,treatment,1,0
t003481,treatment,1,0
t003482,treatment,1,0
t003483,treatment,1,0
t003484,treatment,1,0
t003485,treatment,1,0
t003486,treatment,1,0
t003487,treatment,1,0
t003488,treatment,1,0
t003489,treatment,0,0
t003490,treatment,1,0
t003491,treatment,0,0
t003492,treatment,1,0
t003493,treatment,1,0
t003494,treatment,1,0
t003495,treatment,0,0
t003496,treatment,1,0
t003497,treatment,0,0
t003498,treatment,1,0
t003499,treatment,0,0
t003500,treatment,1,0
t003501,treatment,1,0
t003502,treatment,1,0
t003503,treatment,0,0
t003504,treatment,1,0
t003505,treatment,1,0
t003506,treatment,0,0
t003507,treatment,0,0
t003508,treatment,0,0
t003509,treatment,1,0
t003510,treatment,1,0
t003511,treatment,0,0
t003512,treatment,0,0
t003513,treatment,1,0
t003514,treatment,1,0
t003515,treatment,1,0
t003516,treatment,1,0
t003517,treatment,0,0
t003518,treatment,1,0
t003519,treatment,1,0
t003520,treatment,1,0
t003521,treatment,0,0
t003522,treatment,1,0
t003523,treatment,1,0
t003524,treatment,1,0
t003525,treatment,1,0
t003526,treatment,0,0
t003527,treatment,1,0
t003528,treatment,1,0
t003529,treatment,1,0
t003530,treatment,0,0
t003531,treatment,0,0
t003532,treatment,1,0
t003533,treatment,1,0
t003534,treatment,1,0
t003535,treatment,1,0
t003536,treatment,1,0
t003537,treatment,1,0
t003538,treatment,1,0
t003539,treatment,1,0
t003540,treatment,1,0
t003541,treatment,0,0
t003542,treatment,1,0
t003543,treatment,1,0
t003544,treatment,1,0
t003545,treatment,1,0
t003546,treatment,1,0
t003547,treatment,0,0
t003548,treatment,0,0
t003549,treatment,1,0
t003550,treatment,1,0
t003551,treatment,1,0
t003552,treatment,1,0
t003553,treatment,1,0
t003554,treatment,0,0
t003555,treatment,1,0
t003556,treatment,1,0
t003557,treatment,1,0
t003558,treatment,1,0
t003559,treatment,1,0
t003560,treatment,1,0
t003561,treatment,1,0
t003562,treatment,1,0
t003563,treatment,0,0
t003564,treatment,0,0
t003565,treatment,0,0
t003566,treatment,1,0
t003567,treatment,1,0
t003568,treatment,1,0
t003569,treatment,1,0
t003570,treatment,1,0
t003571,treatment,1,0
t003572,treatment,1,0
t003573,treatment,1,0
t003574,treatment,1,0
t003575,treatment,1,0
t003576,treatment,1,0
t003577,treatment,1,0
t003578,treatment,1,0
t003579,treatment,1,0
t003580,treatment,0,0
t003581,treatment,0,0
t003582,treatment,0,0
t003583,treatment,1,0
t003584,treatment,0,0
t003585,treatment,1,0
t003586,treatment,1,0
t003587,treatment,1,0
t003588,treatment,0,0
t003589,treatment,1,0
t003590,treatment,1,0
t003591,treatment,0,0
t003592,treatment,0,0
t003593,treatment,0,0
t003594,treatment,1,0
t003595,treatment,1,0
t003596,treatment,1,0
t003597,treatment,0,0
t003598,treatment,1,0
t003599,treatment,1,0
t003600,treatment,1,0
t003601,treatment,1,0
t003602,treatment,0,0
t003603,treatment,1,0
t003604,treatment,1,0
t003605,treatment,1,0
t003606,treatment,0,0
t003607,treatment,1,0
t003608,treatment,1,0
t003609,treatment,1,1
t003610,treatment,1,0
t003611,treatment,0,0
t003612,treatment,1,0
t003613,treatment,1,0
t003614,treatment,0,0
t003615,treatment,1,0
t003616,treatment,1,0
t003617,treatment,1,0
t003618,treatment,1,1
t003619,treatment,1,0
t003620,treatment,1,0
t003621,treatment,0,0
t003622,treatment,1,0
t003623,treatment,1,0
t003624,treatment,0,0
t003625,treatment,1,0
t003626,treatment,1,0
t003627,treatment,1,0
t003628,treatment,1,0
t003629,treatment,1,0
t003630,treatment,1,0
t003631,treatment,0,0
t003632,treatment,1,0
t003633,treatment,1,0
t003634,treatment,1,0
t003635,treatment,0,0
t003636,treatment,0,0
t003637,treatment,1,0
t003638,treatment,1,0
t003639,treatment,1,0
t003640,treatment,1,0
t003641,treatment,1,0
t003642,treatment,0,0
t003643,treatment,1,0
t003644,treatment,0,0
t003645,treatment,1,0
t003646,treatment,0,0
t003647,treatment,0,0
t003648,treatment,0,0
t003649,treatment,0,0
t003650,treatment,1,0
t003651,treatment,1,0
t003652,treatment,1,0
t003653,treatment,1,0
t003654,treatment,0,0
t003655,treatment,0,0
t003656,treatment,1,0
t003657,treatment,1,0
t003658,treatment,1,0
t003659,treatment,0,0
t003660,treatment,1,0
t003661,treatment,1,0
t003662,treatment,1,0
t003663,treatment,1,0
t003664,treatment,0,0
t003665,treatment,1,0
t003666,treatment,0,0
t003667,treatment,0,0
t003668,treatment,0,0
t003669,treatment,1,0
t003670,treatment,1,0
t003671,treatment,1,0
t003672,treatment,0,0
t003673,treatment,1,0
t003674,treatment,1,0
t003675,treatment,1,0
t003676,treatment,1,0
t003677,treatment,1,0
t003678,treatment,1,0
t003679,treatment,1,0
t003680,treatment,0,0
t003681,treatment,1,0
t003682,treatment,1,0
t003683,treatment,1,0
t003684,treatment,0,0
t003685,treatment,0,0
t003686,treatment,1,0
t003687,treatment,1,0
t003688,treatment,0,0
t003689,treatment,0,0
t003690,treatment,1,0
t003691,treatment,1,0
t003692,treatment,1,0
t003693,treatment,1,0
t003694,treatment,1,0
t003695,treatment,0,0
t003696,treatment,1,0
t003697,treatment,1,0
t003698,treatment,1,0
t003699,treatment,0,0
t003700,treatment,0,0
t003701,treatment,1,0
t003702,treatment,1,0
t003703,treatment,1,0
t003704,treatment,1,0
t003705,treatment,0,0
t003706,treatment,0,0
t003707,treatment,1,0
t003708,treatment,1,0
t003709,treatment,0,0
t003710,treatment,1,0
t003711,treatment,0,0
t003712,treatment,1,0
t003713,treatment,1,0
t003714,treatment,1,0
t003715,treatment,1,0
t003716,treatment,1,0
t003717,treatment,0,0
t003718,treatment,0,0
t003719,treatment,1,0
t003720,treatment,0,0
t003721,treatment,1,0
t003722,treatment,0,0
t003723,treatment,0,0
t003724,treatment,1,0
t003725,treatment,0,0
t003726,treatment,1,0
t003727,treatment,1,0
t003728,treatment,1,0
t003729,treatment,1,1
t003730,treatment,1,0
t003731,treatment,1,0
t003732,treatment,1,0
t003733,treatment,1,0
t003734,treatment,1,0
t003735,treatment,0,0
t003736,treatment,1,0
t003737,treatment,1,0
t003738,treatment,1,0
t003739,treatment,1,0
t003740,treatment,0,0
t003741,treatment,1,0
t003742,treatment,0,0
t003743,treatment,1,0
t003744,treatment,0,0
t003745,treatment,1,1
t003746,treatment,1,0
t003747,treatment,1,0
t003748,treatment,1,0
t003749,treatment,1,0
t003750,treatment,1,0
t003751,treatment,0,0
t003752,treatment,0,0
t003753,treatment,1,0
t003754,treatment,1,0
t003755,treatment,0,0
t003756,treatment,1,0
t003757,treatment,0,0
t003758,treatment,1,0
t003759,treatment,0,0
t003760,treatment,1,0
t003761,treatment,0,0
t003762,treatment,1,0
t003763,treatment,1,0
t003764,treatment,1,0
t003765,treatment,0,0
t003766,treatment,0,0
t003767,treatment,1,0
t003768,treatment,0,0
t003769,treatment,0,0
t003770,treatment,0,0
t003771,treatment,1,0
t003772,treatment,1,0
t003773,treatment,0,0
t003774,treatment,0,0
t003775,treatment,1,0
t003776,treatment,1,0
t003777,treatment,1,0
t003778,treatment,1,1
t003779,treatment,1,0
t003780,treatment,1,0
t003781,treatment,1,0
t003782,treatment,0,0
t003783,treatment,0,0
t003784,treatment,1,0
t003785,treatment,0,0
t003786,treatment,1,0
t003787,treatment,1,0
t003788,treatment,0,0
t003789,treatment,0,0
t003790,treatment,1,0
t003791,treatment,0,0
t003792,treatment,1,0
t003793,treatment,1,0
t003794,treatment,1,0
t003795,treatment,1,0
t003796,treatment,1,0
t003797,treatment,1,0
t003798,treatment,1,0
t003799,treatment,1,0
t003800,treatment,1,0
t003801,treatment,1,0
t003802,treatment,0,0
t003803,treatment,1,0
t003804,treatment,1,0
t003805,treatment,0,0
t003806,treatment,0,0
t003807,treatment,1,0
t003808,treatment,1,0
t003809,treatment,1,0
t003810,treatment,1,0
t003811,treatment,1,0
t003812,treatment,1,0
t003813,treatment,0,0
t003814,treatment,1,0
t003815,treatment,1,0
t003816,treatment,1,0
t003817,treatment,0,0
t003818,treatment,0,0
t003819,treatment,0,0
t003820,treatment,1,0
t003821,treatment,1,0
t003822,treatment,1,0
t003823,treatment,0,0
t003824,treatment,0,0
t003825,treatment,1,0
t003826,treatment,0,0
t003827,treatment,0,0
t003828,treatment,1,0
t003829,treatment,1,0
t003830,treatment,0,0
t003831,treatment,1,0
t003832,treatment,1,0
t003833,treatment,1,0
t003834,treatment,1,0
t003835,treatment,0,0
t003836,treatment,1,0
t003837,treatment,1,0
t003838,treatment,1,0
t003839,treatment,1,0
t003840,treatment,1,0
t003841,treatment,1,0
t003842,treatment,0,0
t003843,treatment,1,0
t003844,treatment,0,0
t003845,treatment,1,0
t003846,treatment,1,0
t003847,treatment,1,0
t003848,treatment,0,0
t003849,treatment,0,0
t003850,treatment,1,0
t003851,treatment,1,0
t003852,treatment,1,0
t003853,treatment,1,0
t003854,treatment,1,0
t003855,treatment,0,0
t003856,treatment,1,0
t003857,treatment,1,0
t003858,treatment,1,0
t003859,treatment,1,0
t003860,treatment,1,0
t003861,treatment,1,0
t003862,treatment,1,0
t003863,treatment,0,0
t003864,treatment,0,1
t003865,treatment,1,0
t003866,treatment,0,0
t003867,treatment,0,0
t003868,treatment,1,0
t003869,treatment,0,0
t003870,treatment,0,0
t003871,treatment,0,0
t003872,treatment,1,0
t003873,treatment,1,0
t003874,treatment,1,0
t003875,treatment,0,0
t003876,treatment,1,0
t003877,treatment,0,0
t003878,treatment,0,0
t003879,treatment,1,0
t003880,treatment,1,0
t003881,treatment,1,0
t003882,treatment,1,0
t003883,treatment,1,0
t003884,treatment,0,0
t003885,treatment,1,0
t003886,treatment,1,0
t003887,treatment,1,0
t003888,treatment,0,0
t003889,treatment,1,0
t003890,treatment,0,0
t003891,treatment,0,0
t003892,treatment,0,0
t003893,treatment,1,0
t003894,treatment,0,0
t003895,treatment,1,0
t003896,treatment,1,0
t003897,treatment,1,0
t003898,treatment,0,0
t003899,treatment,1,0
t003900,treatment,1,0
t003901,treatment,1,0
t003902,treatment,1,0
t003903,treatment,1,0
t003904,treatment,1,0
t003905,treatment,0,0
t003906,treatment,1,0
t003907,treatment,1,0
t003908,treatment,0,0
t003909,treatment,0,0
t003910,treatment,0,0
t003911,treatment,0,0
t003912,treatment,0,0
t003913,treatment,1,0
t003914,treatment,0,0
t003915,treatment,1,1
t003916,treatment,0,0
t003917,treatment,1,0
t003918,treatment,1,0
t003919,treatment,0,0
t003920,treatment,0,0
t003921,treatment,0,0
t003922,treatment,1,0
t003923,treatment,0,0
t003924,treatment,0,0
t003925,treatment,0,0
t003926,treatment,1,0
t003927,treatment,0,0
t003928,treatment,1,0
t003929,treatment,1,0
t003930,treatment,1,0
t003931,treatment,1,0
t003932,treatment,1,0
t003933,treatment,1,0
t003934,treatment,1,0
t003935,treatment,0,0
t003936,treatment,1,0
t003937,treatment,1,0
t003938,treatment,0,0
t003939,treatment,0,0
t003940,treatment,1,0
t003941,treatment,1,0
t003942,treatment,0,0
t003943,treatment,1,0
t003944,treatment,1,0
t003945,treatment,1,0
t003946,treatment,0,0
t003947,treatment,1,0
t003948,treatment,1,0
t003949,treatment,0,0
t003950,treatment,1,0
t003951,treatment,0,0
t003952,treatment,0,0
t003953,treatment,1,0
t003954,treatment,0,0
t003955,treatment,1,0
t003956,treatment,0,0
t003957,treatment,1,0
t003958,treatment,1,0
t003959,treatment,0,0
t003960,treatment,1,0
t003961,treatment,0,0
t003962,treatment,1,0
t003963,treatment,1,0
t003964,treatment,1,0
t003965,treatment,0,0
t003966,treatment,1,0
t003967,treatment,1,0
t003968,treatment,0,0
t003969,treatment,1,0
t003970,treatment,1,0
t003971,treatment,0,0
t003972,treatment,1,0
t003973,treatment,0,0
t003974,treatment,1,1
t003975,treatment,1,0
t003976,treatment,0,0
t003977,treatment,0,0
t003978,treatment,1,0
t003979,treatment,1,0
t003980,treatment,1,0
t003981,treatment,0,0
t003982,treatment,0,0
t003983,treatment,1,0
t003984,treatment,1,0
t003985,treatment,1,0
t003986,treatment,0,0
t003987,treatment,1,0
t003988,treatment,1,0
t003989,treatment,1,0
t003990,treatment,1,0
t003991,treatment,1,0
t003992,treatment,1,0
t003993,treatment,1,0
t003994,treatment,1,0
t003995,treatment,0,0
t003996,treatment,0,0
t003997,treatment,0,0
t003998,treatment,1,0
t003999,treatment,1,0
t004000,treatment,0,0
t004001,treatment,0,0
t004002,treatment,1,0
t004003,treatment,0,0
t004004,treatment,1,0
t004005,treatment,1,0
t004006,treatment,0,0
t004007,treatment,1,0
t004008,treatment,1,0
t004009,treatment,0,0
t004010,treatment,1,0
t004011,treatment,0,0
t004012,treatment,1,0
t004013,treatment,1,0
t004014,treatment,1,0
t004015,treatment,0,0
t004016,treatment,1,0
t004017,treatment,0,0
t004018,treatment,1,0
t004019,treatment,0,0
t004020,treatment,1,0
t004021,treatment,1,0
t004022,treatment,1,0
t004023,treatment,1,0
t004024,treatment,0,0
t004025,treatment,0,0
t004026,treatment,0,0
t004027,treatment,1,0
t004028,treatment,1,0
t004029,treatment,0,0
t004030,treatment,1,0
t004031,treatment,1,0
t004032,treatment,1,0
t004033,treatment,0,0
t004034,treatment,1,0
t004035,treatment,1,1
t004036,treatment,0,0
t004037,treatment,0,0
t004038,treatment,1,0
t004039,treatment,0,0
t004040,treatment,1,0
